File Length , Non-Buffered Time Taken (ns)
90300 , 2093473806
75900 , 548948659
98300 , 753871225
70100 , 409804047
81700 , 536767527
63600 , 344450977
92900 , 688011457
131300 , 1307983957
158200 , 1870063310
28800 , 80236996
88800 , 636224330
61500 , 332634924
188600 , 2661284159
108700 , 917996380
105900 , 863694251
126000 , 1209156004
136700 , 1425109668
79500 , 519218238
193600 , 2833985273
115300 , 1032142605
26400 , 67324290
100900 , 804805988
147800 , 1655563515
41500 , 155776654
174500 , 2291898158
92100 , 672590807
99500 , 776147066
114800 , 1012289413
39500 , 145707029
70200 , 399869585
163600 , 2013521788
35200 , 117296958
86300 , 593883859
4500 , 5102686
162400 , 1970704237
136800 , 1431319266
156900 , 1856017552
8600 , 11682143
66000 , 372804693
4900 , 5532443
173300 , 2264769617
110400 , 954756768
65000 , 364040340
146700 , 1619241622
85700 , 589401860
172100 , 2224195268
43900 , 177537185
47200 , 199294562
43600 , 173154814
12000 , 18734173
114900 , 1016233380
94800 , 713635446
17800 , 34680773
6800 , 8355090
196200 , 2864380458
184700 , 2552622237
40300 , 149747110
112300 , 966389961
143500 , 1567931419
14400 , 24451877
109200 , 925299666
136200 , 1402177215
18900 , 43130102
70900 , 418339462
142500 , 1546183539
47300 , 202851254
93100 , 677835110
6500 , 7978071
168800 , 2158297893
182100 , 2477517728
112500 , 973880795
179900 , 2412258764
19900 , 41844240
173500 , 2245412111
69800 , 404728589
133900 , 1363205162
63800 , 339708924
44900 , 179145608
134200 , 1370055145
87400 , 610788250
25900 , 68093569
49800 , 221176604
176600 , 2340700482
76600 , 477568708
186600 , 2623741903
7100 , 9119059
190400 , 2724360437
500 , 483607
2000 , 1958067
47700 , 202730674
57200 , 282071084
62100 , 327930090
187200 , 2594500229
58100 , 292291098
166000 , 2062031324
142700 , 1551362442
174900 , 2290248496
131100 , 1320562458
76200 , 485905978
122600 , 1148394502
163500 , 2013444255
68500 , 385486981
170200 , 2139587320
109400 , 923880768
193300 , 2779705953
38900 , 136935097
160600 , 1916948055
108800 , 925907772
97300 , 732031646
76300 , 465686179
21800 , 49301944
130900 , 1304846478
198300 , 2948321983
55700 , 269170538
96300 , 730268051
143700 , 1547827934
193400 , 2799502967
189500 , 2660510055
1100 , 1091646
159700 , 1917343811
185700 , 2704791385
61900 , 341070737
105800 , 894770757
19400 , 43300421
178500 , 2514673318
157900 , 2130736918
164700 , 2064884369
57000 , 290668153
13700 , 23153762
47600 , 202905691
137000 , 1452036385
57600 , 302129328
64500 , 377526474
144300 , 1768769000
28200 , 90156667
111100 , 1367361389
195200 , 4599074867
86000 , 825137746
61100 , 437382964
26800 , 96773405
59200 , 414962198
4200 , 7033263
113900 , 1393801628
102700 , 1244003946
65200 , 493819433
62700 , 477844817
164500 , 2912591597
3300 , 5296376
41400 , 225575445
44200 , 240495207
164900 , 2774489380
104700 , 1125623836
85800 , 752951073
61800 , 433937156
131600 , 1971830620
7900 , 34237023
25100 , 141447438
53700 , 405063553
91700 , 1117395766
50600 , 336517983
100 , 168573
94000 , 1111351942
3500 , 5548686
9400 , 17062508
122300 , 1711850720
155900 , 2452003346
116000 , 1394654828
120200 , 1541023326
147900 , 2228149923
177400 , 3240338279
95800 , 980855306
8800 , 18486433
155000 , 2439876728
111900 , 1424078392
36800 , 186914387
66200 , 463147205
199700 , 3928811634
83600 , 791478188
57700 , 373390811
74200 , 621891235
156600 , 2555095334
102400 , 1102395972
192600 , 3808549034
65300 , 504735816
24000 , 81930397
38100 , 176568311
58400 , 393004403
8200 , 18054497
120400 , 1478152517
152200 , 2237566153
171400 , 2851723049
165200 , 2645416012
171300 , 2842297685
97900 , 1008017766
65400 , 472603537
170600 , 3014433411
73200 , 577052450
182300 , 3253877189
84900 , 810167847
28400 , 119899974
163700 , 2581612713
186100 , 3431266381
23400 , 89936119
133500 , 1883566472
198500 , 3864813006
183700 , 3528408085
29800 , 135495815
148800 , 2213794990
58600 , 379550612
153900 , 2320351951
149100 , 2240447375
22300 , 71844980
173200 , 2853221995
83800 , 874415379
173000 , 3971585612
90900 , 771288469
111000 , 1048703664
70300 , 506896880
300 , 460559
81600 , 598084902
132600 , 2224782947
5400 , 6794194
170700 , 2477664470
196000 , 3006556925
199600 , 3051051319
121900 , 1180754590
45600 , 194236431
186500 , 2662806692
1600 , 18705584
15900 , 38521352
44700 , 190211830
44400 , 186308432
181400 , 2511400679
14200 , 24437590
59800 , 324979309
152900 , 1795226831
18000 , 46182017
12900 , 21304296
160200 , 1979401583
58700 , 302150006
116700 , 1063763339
16700 , 31904495
76000 , 478422790
195500 , 2888848231
78600 , 527434287
154200 , 1837611304
132500 , 1383802051
128200 , 1272320860
85100 , 613004095
48900 , 222477062
17100 , 32911742
56000 , 293559773
94100 , 713953856
71800 , 432187524
66700 , 377864655
199500 , 3058589423
47400 , 203433553
123300 , 1634360979
156800 , 1890126822
32800 , 103770357
145700 , 1663693588
99300 , 799041227
194000 , 2852791059
94600 , 728931341
63300 , 347939797
110000 , 950089544
108100 , 926017089
113700 , 1023282244
198900 , 3018978709
77800 , 527291489
159900 , 1972917273
177800 , 2418030402
119200 , 1163815652
4700 , 46657103
128400 , 1363130264
52000 , 254577198
169000 , 2195187593
55600 , 281772674
139100 , 1537797741
46700 , 199905079
130300 , 1337285443
77000 , 499910854
141600 , 1564988951
38300 , 142261417
23500 , 91773202
131200 , 1370304515
75000 , 475293875
21500 , 70711110
34100 , 117752862
126600 , 1234343250
67500 , 393748035
145800 , 1646416167
151800 , 1786016988
119800 , 1145584780
177900 , 2443738112
36300 , 138226038
45200 , 197576429
48600 , 219092274
199400 , 3047056697
102600 , 856446564
174800 , 2355603494
150700 , 1757834193
46100 , 193940691
161800 , 2027046299
112700 , 1015399768
100800 , 827343782
66500 , 403896568
196600 , 2958824030
173700 , 2321206338
90500 , 670125167
53100 , 258686008
163100 , 2101454993
83100 , 576710134
104800 , 892454272
92700 , 708216358
97600 , 771098567
156000 , 1891294759
77200 , 503666293
150800 , 1760237955
128800 , 1303125372
99000 , 810830915
91900 , 676987700
188700 , 2718862423
60100 , 315283390
107700 , 937285355
129800 , 1322492009
25300 , 65294321
153600 , 1847541468
183100 , 2614459765
102100 , 830348297
176500 , 2400351890
115600 , 1062106035
73400 , 497200222
33700 , 114268528
114000 , 1044566429
29200 , 86193783
39300 , 148492128
170000 , 2217453631
95500 , 738527102
99400 , 802119278
76400 , 550088294
6400 , 8686122
23900 , 62979150
80600 , 600695293
194700 , 2976517047
45700 , 192243336
80100 , 566054168
111800 , 999427655
51500 , 237498741
13500 , 22833156
52200 , 241690889
169700 , 2228374569
144900 , 1676575157
34800 , 114227714
33800 , 111225043
122100 , 1211107440
179700 , 2507322775
28600 , 89325824
95200 , 733479026
158300 , 1941108174
181800 , 2521778842
11400 , 17628929
74800 , 476393429
18300 , 36751540
62800 , 336979299
25500 , 88167167
60900 , 332350150
164100 , 2088568187
20100 , 43340674
119900 , 1144311779
92500 , 700959298
180300 , 2497410106
94200 , 721524768
111700 , 990067613
32400 , 131278036
109100 , 978282094
130700 , 1346587267
188000 , 2725648493
62500 , 364829193
93300 , 701390670
62900 , 340779363
26200 , 71522369
116200 , 1068768999
87700 , 638823148
191700 , 2815940411
800 , 828552
175000 , 2354066261
139700 , 1528744976
22500 , 72148637
70600 , 427347735
900 , 825011
56200 , 277318004
3200 , 3488270
149900 , 1758102336
117400 , 1088923490
127800 , 1299258748
16400 , 32817794
165300 , 2149352728
198200 , 3000656202
164800 , 2102042662
87600 , 634203347
118300 , 1112400652
56700 , 295582652
169200 , 2210066822
62400 , 349826344
112000 , 999827376
106100 , 914903398
111300 , 981972043
9600 , 13811225
174300 , 2349768760
68800 , 445485346
24900 , 62060557
75400 , 486653163
80900 , 562480869
44800 , 182435248
166700 , 2134871748
162000 , 2025671233
18500 , 39886705
119600 , 1148353398
104500 , 868987343
47900 , 228282277
52700 , 251356626
52900 , 247281257
75600 , 488714528
197000 , 2970364547
51600 , 258291542
36100 , 127232338
75800 , 487250532
159600 , 1962947158
22100 , 50792476
139200 , 1520809565
133000 , 1397987623
79000 , 519888187
128300 , 1278048406
184900 , 2609817369
56500 , 284475563
99900 , 871033213
7400 , 9580703
142400 , 1572275719
57400 , 299093793
125700 , 1228526984
8300 , 11133928
192200 , 2838994882
147600 , 1696661469
98500 , 781943833
179500 , 2466729852
117300 , 1106143430
27100 , 73667220
147700 , 1679590050
70800 , 427242557
155600 , 1875254807
194600 , 2898628020
97700 , 780751583
133300 , 1389796007
63200 , 351501120
151700 , 1782386229
97400 , 761510292
43300 , 201667439
180700 , 2513192341
10000 , 36603856
106900 , 923897037
186300 , 2664092214
13200 , 21773549
100500 , 822610782
58500 , 307436295
163900 , 2093852974
83500 , 590570750
113100 , 1056351794
192100 , 2813524276
2800 , 2842667
148400 , 1738643235
65800 , 370888153
84300 , 594823254
74900 , 468815681
182600 , 2563864155
79100 , 535148615
67300 , 382340915
48800 , 211357811
112200 , 1034775712
2600 , 16202252
161100 , 2005846091
191600 , 2797284630
1000 , 925008
1500 , 25243049
153000 , 1807805429
177100 , 2393938660
19800 , 62137268
180900 , 2505283155
123700 , 1186626041
9000 , 40770521
140100 , 1532718854
10200 , 14908055
92300 , 708366072
30500 , 90571015
53000 , 265621070
89500 , 668489598
74400 , 479470813
53200 , 250066708
71000 , 433953008
32500 , 123720904
107400 , 923972726
5100 , 6035808
105400 , 893792501
177000 , 2419468524
79800 , 530911212
56100 , 307728608
196500 , 2953703843
184400 , 2629828798
161300 , 2022277405
133100 , 1399863117
50700 , 249680779
68300 , 400145956
67700 , 403133039
81800 , 561190933
103100 , 864828206
39800 , 151404580
71900 , 448209387
17900 , 51372840
151000 , 1752782466
5800 , 27899231
95600 , 745799933
16300 , 53206304
197500 , 3011686142
85900 , 641683504
17400 , 33777281
138500 , 1477081665
16000 , 47883087
159300 , 1950672549
18700 , 38513901
161700 , 2012284027
60200 , 322286068
165700 , 2110996000
80500 , 544322992
92400 , 696538166
82700 , 557529898
85000 , 593867991
103000 , 866504360
40800 , 168548410
78000 , 514094568
144500 , 1644901409
166200 , 2128106388
191800 , 2828585373
87200 , 638039336
7000 , 23855940
169100 , 2191701116
176400 , 2377262170
195800 , 2914217159
97000 , 761727903
49700 , 223115463
111600 , 997112906
67400 , 389716764
14700 , 25847913
198400 , 3018271749
99800 , 845236614
176000 , 2394736980
119700 , 1122246707
108200 , 932733795
165400 , 2124712601
86800 , 616223461
138300 , 1490876297
16800 , 33649897
27900 , 78572820
180100 , 2495495429
78900 , 518162443
27200 , 73611254
56900 , 283829955
157600 , 1947522405
192000 , 2820968676
9300 , 13071328
107500 , 931487112
154600 , 1856335370
54100 , 264743753
163200 , 2087454903
26600 , 71739891
125500 , 1259215622
153700 , 1817869735
11900 , 19759694
79200 , 533097872
82500 , 574521761
131700 , 1403331465
6300 , 7902401
190800 , 2750803798
194500 , 2907098417
22800 , 83747174
83900 , 589501217
199900 , 3063124233
182700 , 2539949720
38600 , 165239359
102300 , 821856002
102800 , 868820791
168600 , 2175644801
160700 , 2022351074
142800 , 1600583874
156100 , 1871812794
180200 , 2485218852
162200 , 2056080855
42500 , 171382300
20300 , 43585934
161000 , 1986012482
160500 , 1991061978
186700 , 2689467360
52500 , 252871844
35700 , 126120497
64000 , 351320609
129400 , 1324957301
45300 , 192672322
101000 , 826437818
73500 , 466343415
13900 , 32326965
147300 , 1684277491
82100 , 592480797
89100 , 649061034
106200 , 905827630
148600 , 1711170432
34500 , 135503446
135600 , 1412763336
130000 , 1337390323
188900 , 2734513029
85200 , 596101815
185800 , 2624212734
47000 , 199973855
89400 , 653168551
103900 , 871423275
164000 , 2085328258
9700 , 46135629
118700 , 1102627347
136100 , 1457376931
65100 , 393832700
110100 , 976940478
82200 , 568653773
136000 , 1443592549
159100 , 2111073104
64600 , 386610812
41000 , 178543406
4400 , 16106995
123800 , 1234892774
23300 , 68225836
33900 , 109449399
134600 , 1415239633
35500 , 145602084
47100 , 205728234
170100 , 2231154315
89800 , 653987380
191400 , 2861344315
156200 , 1865866288
149600 , 1733934434
81400 , 593035843
108500 , 952009944
83400 , 591721620
188800 , 2745696469
10600 , 16017415
193500 , 2880210540
166800 , 2129841865
107900 , 950749221
32000 , 98830327
198800 , 3014850968
167300 , 2161617858
189100 , 2780517933
23200 , 55595661
140500 , 1579596557
135900 , 1484863261
30300 , 101684208
134300 , 1412979074
197900 , 3134148441
89600 , 670296718
79600 , 547679936
127900 , 1308716032
100600 , 806648648
111400 , 992640820
86900 , 629949952
10900 , 16381177
68900 , 408469175
171200 , 2250503379
80800 , 538921125
181600 , 2565781020
190500 , 2812993525
194900 , 2909222641
5500 , 32173458
144700 , 1648660794
10100 , 14758666
129500 , 1313104057
68000 , 431357505
121700 , 1149842003
181000 , 2608602189
141100 , 1544276312
88900 , 665043732
122900 , 1216000482
121500 , 1152174273
179000 , 2455450738
110900 , 978963075
154500 , 1911154292
8400 , 11309609
79400 , 554026187
136300 , 1456491176
1800 , 24183120
69000 , 410013582
33000 , 103663584
132400 , 1361156170
171700 , 2258020851
74000 , 470560213
93800 , 748747701
111500 , 986288589
196100 , 2960836986
29000 , 92550179
68400 , 425021491
3600 , 11537160
57100 , 298861939
148100 , 1709122537
120600 , 1152781301
24400 , 82162924
65500 , 390670734
165000 , 2101127044
55100 , 304041490
115000 , 1047757841
44500 , 199160614
34900 , 124673782
125000 , 1241438051
175200 , 2379950496
197300 , 2969046506
17000 , 58950350
114700 , 1037338678
28000 , 82524143
129100 , 1314085082
19000 , 42797141
67800 , 396077331
20200 , 46988469
59600 , 313616681
143900 , 1628099355
88600 , 645239050
67100 , 383326214
54600 , 268244145
115100 , 1088765595
14300 , 24845590
22000 , 51263666
182500 , 2546990494
75300 , 503370759
188200 , 2694152201
124700 , 1227422877
82300 , 567968135
86500 , 622125986
26300 , 70466720
34200 , 112698148
10800 , 16325853
135200 , 1406420593
171800 , 2272121127
159000 , 1959209159
84000 , 575538633
67000 , 387147250
48400 , 229206385
71600 , 438624183
107000 , 912043169
56600 , 278888879
157700 , 1913267094
20600 , 50091465
69500 , 403770044
137300 , 1505188476
49100 , 217052020
98800 , 815460431
71100 , 428863828
183300 , 2569726121
134800 , 1425217211
101700 , 833529432
180000 , 2530530773
58200 , 295662528
151200 , 1767240205
3700 , 33223937
5000 , 17232597
105500 , 886088432
150600 , 1969417387
62000 , 330529072
158700 , 1961746938
176300 , 2393471459
90800 , 690362958
193100 , 2861670542
15800 , 58977018
14800 , 26161243
12500 , 20063487
133800 , 1424366957
185300 , 2635179311
29700 , 103125547
166600 , 2142306577
1900 , 1844972
193800 , 2878107597
198600 , 3015957036
122000 , 1163384974
100700 , 851371287
160800 , 2006098775
189300 , 2743793526
72600 , 452956840
55000 , 301387185
136900 , 1477124528
198000 , 2985585826
87300 , 629352392
76900 , 493283155
18100 , 38107829
157800 , 1911523864
123400 , 1216160231
155300 , 1867331641
60700 , 317072332
148900 , 1720145594
151300 , 1773141415
10500 , 18645636
136600 , 1477994748
12300 , 19627371
122400 , 1168056818
158600 , 1942162368
86100 , 609315135
139600 , 1517588520
41900 , 171328285
134000 , 1413511381
7500 , 9774122
51200 , 237734307
66900 , 390155326
162600 , 2024819160
96200 , 765495098
187300 , 2693204527
141200 , 1554041190
140400 , 1558400734
55900 , 285835037
147500 , 1674665316
43500 , 180065303
100100 , 824581909
167800 , 2168764768
135500 , 1428163095
36900 , 129538259
142000 , 1566017050
197600 , 2967751885
39100 , 148270668
55300 , 268278202
133600 , 1382344822
22600 , 53868329
89200 , 643448118
181200 , 2508267859
109700 , 982656735
13600 , 37088315
63500 , 347624033
97100 , 759477969
116600 , 1064675673
171100 , 2257536598
73600 , 453305043
118600 , 1115595398
54900 , 294564820
126300 , 1246435268
75500 , 491358872
117900 , 1092880273
46600 , 202949272
59300 , 314870697
108300 , 940254238
175100 , 2649805905
129200 , 1444662302
142100 , 1698990633
75100 , 500129016
85600 , 636636231
147100 , 1761786921
8700 , 12075045
26700 , 86922648
200000 , 3116528151
141300 , 1555645839
101200 , 820445031
44000 , 175324569
176800 , 2384887275
97500 , 756448729
177300 , 2365468376
129300 , 1304856442
190600 , 2717190440
13400 , 24092945
70500 , 408012602
21900 , 56048531
132100 , 1337489315
101800 , 827004189
73800 , 467999040
174600 , 2305683133
78100 , 499939348
2400 , 32710034
18600 , 42896184
16900 , 51778946
138900 , 1481581167
165600 , 2079755092
44100 , 193780030
41800 , 168965646
36200 , 122554670
195100 , 2850454516
59000 , 312543625
181100 , 2452795682
124000 , 1213185939
153400 , 1804224537
84800 , 583631196
68600 , 490773694
162300 , 2023367896
96900 , 744887776
22200 , 50897995
146500 , 1644600720
62300 , 332274583
181700 , 2471607472
31000 , 92483448
14600 , 25066175
130200 , 1297210359
125100 , 1219395367
154700 , 1822800143
186000 , 2584120504
183200 , 2496022615
96100 , 741945484
82400 , 591688606
154900 , 1804833811
180800 , 2470176383
63000 , 357334747
87000 , 606580145
199800 , 3006609152
56800 , 278133506
72300 , 486458875
183000 , 2563960026
83700 , 576474292
151500 , 1778561424
186900 , 2647814890
103800 , 891899982
48500 , 217408854
98600 , 766551996
79700 , 520443555
51300 , 227310547
175700 , 2341580947
180500 , 2457941227
91500 , 670589491
50500 , 222460585
170800 , 2192452975
23600 , 77566168
87500 , 614475434
37600 , 131395425
134700 , 1419012278
20000 , 41671663
151600 , 1722974277
190000 , 2709820087
52100 , 243291313
139900 , 1489909546
104000 , 882071296
152700 , 1758393985
3100 , 3303948
180400 , 2447425544
103700 , 856064149
6900 , 16875644
17500 , 34595299
113300 , 990990330
52600 , 261561075
140900 , 1499981655
118400 , 1079557444
158500 , 1883140177
15500 , 27481279
17700 , 33902387
145400 , 1657120504
23800 , 58277829
9900 , 14099251
32200 , 98916155
145000 , 1608814511
81200 , 573730449
137100 , 1447702878
137600 , 1442459710
186200 , 2638412993
131000 , 1323430381
120300 , 1146545132
120800 , 1129321876
71300 , 454843148
26500 , 80890058
27800 , 78535102
190300 , 2704536915
25200 , 63328468
110500 , 950418142
7200 , 9079423
9500 , 13221040
77500 , 499629001
31800 , 95394656
54200 , 255264919
163000 , 1979097902
11600 , 17709151
53300 , 247403857
150400 , 1731628283
109900 , 937042665
179400 , 2411105604
193200 , 2809048339
187100 , 2613428195
158800 , 1918066712
22700 , 52732111
182900 , 2514696338
35100 , 115128541
116300 , 1025058016
114200 , 1008782303
100300 , 790986170
87900 , 616892399
106500 , 885222745
135400 , 1367780174
179100 , 2596776779
113600 , 1034349759
187700 , 2644401395
37200 , 131071502
42600 , 193016317
194800 , 2844958141
148000 , 1676723786
179200 , 2399838181
47500 , 205998132
57300 , 278939786
31900 , 96812460
5300 , 6130782
69900 , 403122879
131400 , 1352533113
28300 , 76793233
140000 , 1492644388
112900 , 993519551
17200 , 37356263
174000 , 2269080411
106700 , 883480572
23700 , 74970666
150500 , 1719550035
85400 , 590691475
198700 , 2950723303
48700 , 212834276
72500 , 461676991
34300 , 121592078
11500 , 26607394
101100 , 805978489
129900 , 1298062028
98100 , 757579732
84700 , 578131159
140300 , 1475979526
142200 , 1548604626
77100 , 486816640
187000 , 2644926489
170500 , 2188158664
106800 , 875383015
114100 , 1054466788
137900 , 1507915013
89900 , 650720872
53400 , 276944278
189600 , 2705243733
102200 , 811013455
58000 , 313706794
161200 , 1942040026
88000 , 630483432
197100 , 2919632988
88300 , 627515637
40000 , 169643871
184800 , 2536094137
32100 , 100190111
14500 , 25111517
100000 , 791691822
193900 , 2777405806
170300 , 2188614181
190200 , 2720131833
121400 , 1142733796
67200 , 394784814
175900 , 2358065453
121800 , 1136130177
153500 , 1758046464
17600 , 34365040
132300 , 1337828785
38200 , 134296730
89700 , 643866826
95300 , 720961942
183800 , 2532128063
127100 , 1270063619
119500 , 1126887459
19700 , 43698537
140600 , 1526035790
155200 , 1817444197
37900 , 134412421
178600 , 2396881791
84100 , 606536963
166100 , 2058931649
64700 , 346813668
124400 , 1181006853
144400 , 1597827132
4300 , 4849989
6700 , 8186379
104900 , 855660159
90000 , 672607473
132800 , 1359093320
150100 , 1694036084
134400 , 1393285854
90400 , 656542977
30800 , 89689693
29400 , 84546801
85300 , 613130993
149300 , 1664625381
165800 , 2065005461
11000 , 43221345
31200 , 94015677
91200 , 681497278
92800 , 734755440
24600 , 64404875
173800 , 2291975241
192500 , 2779858334
27700 , 105587232
157300 , 1866386476
55800 , 275762038
65600 , 368076656
114400 , 1030243319
78700 , 514852581
129600 , 1302632929
64200 , 345712020
141800 , 1527407112
55200 , 265282924
91100 , 656754352
33100 , 105845239
185100 , 2570995646
72200 , 458070600
97800 , 767414535
5700 , 14742985
7300 , 9082436
124200 , 1195120175
113000 , 1011097229
128700 , 1278267407
31600 , 96357330
74700 , 478111332
72900 , 436983476
125900 , 1240381907
32300 , 104227928
25400 , 70440351
2900 , 2989221
186400 , 2588224823
169800 , 2164535623
115900 , 1029179111
156300 , 1830586730
86700 , 615110001
31300 , 112414180
50100 , 219530959
141900 , 1517376676
155800 , 1831959606
27300 , 78065870
128100 , 1256453510
18200 , 59258615
63900 , 352416308
38500 , 137021232
187400 , 2630853069
93400 , 704958178
197800 , 2924764210
104600 , 850460381
24700 , 71760708
92200 , 692651614
167200 , 2110949346
172000 , 2260462565
112400 , 986151908
143800 , 1598076827
144800 , 1582832853
39700 , 149774362
8100 , 21668621
116100 , 1051649915
104400 , 912652792
22400 , 50752461
161400 , 1946890763
158900 , 1910233005
165500 , 2088421678
153200 , 1780780750
95100 , 717847825
195900 , 2874082961
117000 , 1054761876
135700 , 1413156204
122700 , 1151997240
16600 , 32710215
172500 , 2227351604
155400 , 1835959401
148300 , 1675292951
147400 , 1644350998
95700 , 757044667
122200 , 1164362216
20400 , 43139014
70700 , 416839484
167400 , 2107397478
93000 , 711774594
50800 , 240318497
141500 , 1553214381
36500 , 124186250
81900 , 536935469
58900 , 294544236
181300 , 2470967007
21700 , 49742936
129700 , 1303740528
113500 , 998674943
143000 , 1578845809
116800 , 1061713012
76100 , 496176426
161600 , 1961021406
48300 , 220267975
37100 , 126585711
27500 , 84602571
28900 , 85732236
197400 , 2932259236
27000 , 91980914
29100 , 81594930
43100 , 184900230
152300 , 1746491655
138000 , 1453685617
20500 , 52551295
8900 , 12264608
154300 , 1806133095
168100 , 2130582329
10400 , 15268822
145500 , 1614301309
177200 , 2384570980
12400 , 22832251
150300 , 1758392663
37700 , 138834043
174700 , 2308922915
160400 , 2022200009
151100 , 1728893139
192300 , 2806033659
4600 , 39868491
22900 , 55120969
178100 , 2397012854
53900 , 256434550
103200 , 947185892
182000 , 2596384852
27600 , 88709001
166500 , 2122617925
32600 , 104410209
23000 , 75218828
144200 , 1736945158
116900 , 1402188062
115200 , 1114613765
61600 , 352945104
99600 , 839665618
91300 , 686251061
102000 , 881539319
34000 , 111261644
57900 , 297164703
45800 , 210090084
189800 , 2757894203
174200 , 2315556381
146200 , 1711329882
184300 , 2639593996
26000 , 68115332
124500 , 1243734670
78500 , 522284206
10700 , 25794485
157500 , 1943721509
131900 , 1366257679
177700 , 2420443408
30000 , 93168617
20800 , 51195604
199200 , 3077424866
69600 , 433109880
51400 , 233038391
86400 , 634600708
119300 , 1137098621
4000 , 18936886
43000 , 172337516
78200 , 513228273
40700 , 165877210
191300 , 2824065540
19600 , 57801225
37800 , 134172594
53600 , 259080439
147200 , 1705372051
175500 , 2373536121
183400 , 2581336999
95400 , 773905283
188500 , 2710266230
195400 , 2923028679
61400 , 350172569
103400 , 876512606
41200 , 164440556
93700 , 752216836
45500 , 228048214
46300 , 196449676
2100 , 14553809
46000 , 198771589
124900 , 1240225859
141000 , 1526911432
6000 , 34108908
101500 , 821432397
98700 , 799634261
194100 , 2885722449
185500 , 2653167515
105600 , 884011532
117600 , 1111972362
173900 , 2343391093
117700 , 1096486506
8000 , 20915254
196300 , 2960524947
163800 , 2056485230
162800 , 2056796058
108400 , 946175949
32700 , 139857524
157000 , 1915529866
169400 , 2215958564
98900 , 807255564
38400 , 168884568
4100 , 4526153
191900 , 2839966890
50300 , 241862535
167100 , 2168923328
25800 , 79772009
58800 , 321705962
137200 , 1472752295
116400 , 1080486914
94900 , 750811216
103600 , 862113979
176200 , 2381940933
27400 , 74464083
42200 , 203005492
42000 , 168143232
164300 , 2092759623
98200 , 816458633
108600 , 947280643
120000 , 1130760606
118900 , 1093658781
146800 , 1703313282
106400 , 902393454
37500 , 160942023
134500 , 1416381768
40100 , 167233883
196900 , 2967805115
107600 , 920012934
74500 , 494379880
13800 , 29910616
180600 , 2508455150
162700 , 2028713105
111200 , 995134927
41100 , 171153727
112600 , 1037288323
142300 , 1586864430
9200 , 20580188
182200 , 2556307845
116500 , 1066474919
15100 , 52261053
121100 , 1169973760
94700 , 735568115
190900 , 2790774711
191000 , 2774547444
139300 , 1503357690
3800 , 19756470
140700 , 1539203497
91800 , 727448689
26100 , 94181212
149400 , 1741170939
14000 , 34987475
178000 , 2463308691
168000 , 2228288243
35600 , 148355796
137400 , 1472398619
68100 , 399950995
700 , 7875603
73900 , 466877895
189900 , 2798755588
185200 , 2611093858
70000 , 446692925
193700 , 2923499770
29900 , 86785148
158400 , 1934564533
72800 , 444715748
153300 , 1826033979
90600 , 692134974
13000 , 34438802
175600 , 2364341714
197200 , 2988683064
98400 , 810598959
93500 , 728596789
93200 , 716885250
88700 , 672436141
90200 , 656686671
170400 , 2211987770
23100 , 81847256
91000 , 679985569
21100 , 63418674
169500 , 2224101401
139500 , 1506610544
121600 , 1197508034
138400 , 1533697650
7800 , 10249683
130800 , 1331252292
85500 , 638194569
72400 , 441862740
157100 , 1896256468
126400 , 1262875440
176100 , 2423368284
130400 , 1337703729
158100 , 1913528526
62600 , 346024820
82800 , 573522626
198100 , 3023005680
33600 , 139147725
25700 , 82216364
188100 , 2711844038
400 , 382947
72700 , 450384859
28500 , 79990917
15700 , 34484191
153800 , 1829218451
88500 , 673622954
96000 , 747578251
37300 , 135400274
61300 , 331461124
45900 , 208282726
182800 , 2608381789
119100 , 1136324013
169600 , 2223603102
149000 , 1719718060
117800 , 1100829520
188400 , 2765205083
42800 , 183578032
200 , 213883
127500 , 1288630196
69700 , 434705288
189200 , 2761470347
91600 , 693084482
161900 , 2024534011
179800 , 2492622023
123500 , 1210808572
51100 , 243768128
194300 , 2892763668
84600 , 604198655
184000 , 2592934474
152100 , 1798767364
24500 , 71021021
69400 , 416321701
150200 , 1736482903
47800 , 239301330
72100 , 448363509
59500 , 315993472
40400 , 186700050
190700 , 2793928792
110200 , 969808630
132700 , 1403233333
115700 , 1076793597
28100 , 94032798
12100 , 27192677
109500 , 959504240
40500 , 150852906
80000 , 538207252
185900 , 2658827553
119400 , 1125268843
36000 , 122656644
124300 , 1216868293
189000 , 2761382795
184600 , 2633745305
81100 , 546756010
101600 , 879137142
102900 , 894918025
59400 , 323965381
117200 , 1096143879
160100 , 1986000250
39000 , 147460561
160000 , 1975676021
6100 , 13094337
142900 , 1606352501
121000 , 1166016795
95900 , 793454055
61000 , 341670920
88400 , 654576262
36600 , 136011407
119000 , 1111670585
15000 , 43153868
19500 , 55161477
91400 , 693900012
126100 , 1257400927
25600 , 155750109
110300 , 989891398
104200 , 881446273
42300 , 170596396
8500 , 26105705
31500 , 101382887
30900 , 93719261
127000 , 1271623266
63400 , 364051913
155100 , 1853437822
45100 , 219375223
124100 , 1218606403
17300 , 54775730
109300 , 964999199
72000 , 442553769
81500 , 557209954
71500 , 450069983
132200 , 1358933994
51700 , 248141633
4800 , 30836942
61200 , 393565962
48100 , 214244820
96500 , 765808451
44300 , 183050960
138600 , 1500220038
101300 , 824586140
12200 , 42856001
35000 , 133549369
38800 , 140669269
177500 , 2460467751
114500 , 1049838519
11100 , 33289186
187900 , 2731420667
29500 , 102897036
39200 , 149102963
2700 , 12589119
30200 , 99516353
60300 , 317747763
30100 , 89335233
121200 , 1214446292
30600 , 113330025
45000 , 183571905
78300 , 545110158
133200 , 1417643951
37400 , 155274067
63100 , 360524525
67600 , 451170569
172600 , 2302333315
58300 , 429080659
65700 , 407844968
67900 , 455551989
1200 , 18599231
53500 , 261447362
143300 , 1679227108
54000 , 273726951
24800 , 63122168
109800 , 980167814
53800 , 279032159
172700 , 2301616556
71700 , 432260982
168900 , 2199279622
172400 , 2327482641
108000 , 927325023
29300 , 84895795
60500 , 316511997
147000 , 1656589376
102500 , 881145940
139800 , 1516196060
66100 , 403136776
149800 , 1733715275
71200 , 432648903
43800 , 185153163
178400 , 2456079843
16200 , 31691132
152800 , 1811846026
145200 , 1617270014
9800 , 30775933
25000 , 74615098
133700 , 1405883774
24300 , 60506157
196700 , 2965214710
142600 , 1615384083
49200 , 245036831
41600 , 177138504
84400 , 600190542
152500 , 1820470330
143400 , 1612705963
166300 , 2129847756
166400 , 2131967198
145100 , 1657551064
5200 , 34439817
196800 , 2990136827
130100 , 1344884978
2300 , 10017488
33500 , 106632905
103300 , 859865407
144100 , 1639583071
20900 , 77208767
136500 , 1440535645
54400 , 275197339
107800 , 937957187
132900 , 1397570960
60800 , 331470234
138800 , 1518817437
172800 , 2302951067
93900 , 712898326
136400 , 1458320916
42100 , 173952849
73300 , 465518304
105300 , 904959219
73100 , 468108651
132000 , 1362563134
66800 , 381551429
195300 , 2914775244
107100 , 928378545
123200 , 1207030398
88100 , 666901609
121300 , 1146976310
178700 , 2453690314
108900 , 956880240
82600 , 586132154
5600 , 12760086
56300 , 282707418
113200 , 1028582004
31100 , 96322994
120500 , 1155834789
10300 , 31899094
176900 , 2406879169
36700 , 164669175
138700 , 1484776387
151900 , 1889712266
80200 , 559623446
143600 , 1614979840
124600 , 1223313173
181500 , 2529907704
166900 , 2162327213
192900 , 3122759912
161500 , 2201394309
49300 , 258998346
3900 , 9526776
187500 , 2718031570
105000 , 891234730
105200 , 906093664
146100 , 1696925065
74300 , 500520861
1700 , 8399543
145900 , 1660730023
185600 , 2658642740
144000 , 1597215291
144600 , 1633531267
117100 , 1096888140
55500 , 282717288
74100 , 468057437
600 , 12767301
20700 , 54226601
33300 , 113110870
40900 , 165741725
92000 , 689117721
127600 , 1320353787
148200 , 1703609491
175400 , 2371939660
54800 , 290750713
50000 , 247423930
127400 , 1276817376
159500 , 1963082201
146300 , 1677525153
64100 , 371295376
54500 , 270903115
123100 , 1207625138
126700 , 1266370753
105700 , 900606218
46900 , 218281176
16500 , 41977305
162500 , 2068732575
178900 , 2458623900
164200 , 2099838070
46400 , 210038470
154800 , 1855634981
122800 , 1192778530
96700 , 767823201
168200 , 2179697750
128000 , 1317063758
68200 , 407773135
156700 , 1910793713
5900 , 30733235
100200 , 826132452
92600 , 705325037
12600 , 34036722
163400 , 2087325479
81000 , 559136587
127700 , 1416677363
167900 , 2196929387
168500 , 2188280512
32900 , 138134888
126200 , 1249194001
139400 , 1527318487
152600 , 1820113028
143200 , 1631238373
99200 , 809886318
49400 , 244142164
160900 , 2012412241
159200 , 1975621943
183600 , 2612465667
19200 , 52896933
195600 , 2967454018
135800 , 1447463156
150000 , 1761871176
13100 , 46724787
140200 , 1543504005
54700 , 299990802
35900 , 141257436
130500 , 1341857794
63700 , 361790724
165100 , 2140269789
163300 , 2065579327
104100 , 894920385
59700 , 317967726
65900 , 375894322
149700 , 1760537860
110600 , 999730810
93600 , 722093315
171600 , 2281218488
78400 , 536576140
199300 , 3074173850
146600 , 1691035464
83200 , 608346408
126500 , 1270085729
125300 , 1249537939
49600 , 232122386
192400 , 2849057756
64800 , 381811497
70400 , 437694692
44600 , 192077818
135100 , 1453408239
55400 , 268880492
156500 , 1887267789
168300 , 2185393559
159400 , 1983503226
19100 , 52238439
83000 , 586969039
186800 , 2684084154
18800 , 54808326
77400 , 504852237
125600 , 1245590416
146900 , 1690331377
60600 , 340712042
131800 , 1360397236
26900 , 77299187
42700 , 183697009
123600 , 1238036075
52300 , 262040641
40200 , 162072870
48000 , 225088709
83300 , 588621962
14100 , 39110505
107300 , 930783390
33400 , 117697582
99100 , 810878506
171000 , 2247359691
176700 , 2406095781
114600 , 1071953090
79300 , 546557697
149200 , 1740909335
110800 , 987331205
125800 , 1234279558
86200 , 610690313
76700 , 500841770
77300 , 506066306
120100 , 1154846261
42400 , 200629789
15400 , 35931389
157200 , 1949514949
187600 , 2714877563
98000 , 791975624
178200 , 2464743457
39900 , 165416591
59100 , 314056593
96800 , 766783572
51900 , 276937780
146000 , 1668270305
104300 , 884795551
155500 , 1910282159
127200 , 1288384867
118800 , 1147644856
167700 , 2164363916
30700 , 111288889
154000 , 1845332727
88200 , 650998033
90700 , 685526441
21000 , 53501589
49000 , 222663130
81300 , 559229255
193000 , 2884837114
171900 , 2276523628
138100 , 1495834055
137800 , 1499784010
179300 , 2488622405
37000 , 141316166
50900 , 236513861
199100 , 3042943165
33200 , 137368762
184500 , 2623183098
54300 , 272092569
6200 , 64076149
57800 , 305526110
80300 , 580466859
128500 , 1317227595
125200 , 1230782272
183900 , 2623213787
174100 , 2329512734
77600 , 521474143
34400 , 123483742
177600 , 2430119800
128600 , 1319491902
34600 , 119207504
172300 , 2276208020
175800 , 2449793349
38000 , 151867703
9100 , 26762861
75200 , 483251790
138200 , 1494956176
89000 , 687824070
172200 , 2294677135
192800 , 2882582978
46500 , 207244313
86600 , 633046452
137700 , 1480795837
71400 , 454933251
64400 , 376234651
195000 , 2930970622
18400 , 67996879
131500 , 1363177397
191200 , 2853904578
187800 , 2715046859
152000 , 1839022143
165900 , 2149926721
101400 , 861850197
11200 , 27352306
52800 , 263523850
196400 , 2962391629
112800 , 1021220252
113800 , 1039003366
84200 , 605544089
190100 , 2760654936
24100 , 101029469
188300 , 2751902111
69100 , 427028112
24200 , 64377801
41700 , 183130143
101900 , 867644191
2200 , 29908418
99700 , 816015436
118200 , 1115802941
28700 , 95238580
95000 , 742469643
69200 , 421825327
137500 , 1495084188
51800 , 258265251
189700 , 2774093912
87100 , 633008672
171500 , 2299784092
148700 , 1746927990
75700 , 488034672
49500 , 231632245
21600 , 59254691
13300 , 28229758
89300 , 669642763
152400 , 1812356946
169300 , 2219991903
35800 , 135919153
194200 , 2903083716
185400 , 2678066084
124800 , 1252600821
82900 , 582161917
56400 , 304708225
160300 , 2001412507
6600 , 20040818
178300 , 2452172857
139000 , 1537918801
109600 , 973374246
57500 , 303159548
148500 , 1721378827
12700 , 30989377
31400 , 103844858
16100 , 35274850
35300 , 126938406
96400 , 773141115
68700 , 429959283
134100 , 1409216509
110700 , 987378466
76800 , 513311362
199000 , 3048840417
19300 , 68341753
164400 , 2083167877
113400 , 1041104814
109000 , 972078770
168400 , 2187687062
94400 , 730806282
21200 , 54307408
181900 , 2536906641
194400 , 2920927165
172900 , 2322078222
179600 , 2483018523
184200 , 2701955482
140800 , 1609254345
156400 , 1988975639
12800 , 35097389
167000 , 2228125274
50400 , 248632433
145600 , 1699806485
189400 , 2880729439
7700 , 24583882
100400 , 840412890
82000 , 613311164
15200 , 33610224
150900 , 1848156425
143100 , 1662858826
78800 , 551775793
184100 , 2700321644
11700 , 42408818
61700 , 351646872
122500 , 1255974800
90100 , 696916067
164600 , 2226817030
40600 , 192841541
173600 , 2398242328
162900 , 2137117324
154100 , 1937731041
115500 , 1104292987
46800 , 216382144
106000 , 952403274
49900 , 240119376
112100 , 1048441803
175300 , 2478751816
52400 , 269115062
60000 , 331306018
1400 , 9140785
167500 , 2233392628
94300 , 755030009
42900 , 194398995
192700 , 2983627045
123900 , 1275034910
43200 , 176045183
114300 , 1090119767
178800 , 2583110416
123000 , 1250938536
46200 , 221094016
135000 , 1484207460
174400 , 2460885616
168700 , 2289126499
15300 , 51723562
173100 , 2393494788
21400 , 59571096
43400 , 184996569
15600 , 35651397
141400 , 1591345894
96600 , 839496573
64900 , 375591977
157400 , 1969668681
50200 , 241512545
120900 , 1199657966
125400 , 1276774270
66400 , 416544679
34700 , 127524169
126900 , 1312754637
1300 , 17719124
191100 , 2899698151
170900 , 2326540902
173400 , 2431337259
120700 , 1211546718
66600 , 400697623
133400 , 1447686045
169900 , 2298790379
69300 , 458516822
105100 , 904173334
35400 , 141063388
64300 , 398227879
14900 , 38759986
158000 , 2014115027
31700 , 108229637
118500 , 1139282677
66300 , 410044813
103500 , 919701558
141700 , 1623932675
21300 , 60245868
7600 , 24413706
39400 , 163622437
128900 , 1369869833
182400 , 2649088588
118000 , 1164445501
3000 , 16416014
129000 , 1371551652
134900 , 1497263203
135300 , 1487234379
159800 , 2062652136
76500 , 514115989
117500 , 1162907803
94500 , 758896813
2500 , 24576371
36400 , 141762032
126800 , 1323983973
185000 , 2748685131
97200 , 800134578
59900 , 345953638
154400 , 1945516673
87800 , 661551461
151400 , 1895485672
106600 , 939024139
73000 , 466178530
45400 , 213903709
39600 , 165399637
153100 , 1874201181
149500 , 1815465682
191500 , 2935801342
11300 , 27686364
115800 , 1111293471
183500 , 2663949108
167600 , 2280127528
51000 , 263269680
11800 , 19116058
30400 , 113405171
145300 , 1699743452
107200 , 958494286
80400 , 551165727
118100 , 1164307902
79900 , 575965919
84500 , 616390603
3400 , 11750057
197700 , 3151111279
43700 , 234329843
29600 , 116429704
80700 , 553599043
195700 , 3052731260
73700 , 502594617
77900 , 524469900
155700 , 1959026655
130600 , 1411072271
106300 , 932050238
60400 , 337875233
127300 , 1360276215
48200 , 228000242
74600 , 492114634
115400 , 1083731296
77700 , 556691213
162100 , 2136168015
38700 , 156315677
146400 , 1706849308
41300 , 181244874
62200 , 359064882
