File Length , Buffer Size (Byte), Buffered Time Taken (ns)
100 , 0 , 105191
200 , 0 , 86177
300 , 0 , 90374
400 , 0 , 90830
500 , 0 , 108682
600 , 0 , 151410
700 , 0 , 168792
800 , 0 , 119133
900 , 0 , 84804
1000 , 0 , 88773
1100 , 0 , 117793
1200 , 0 , 108289
1300 , 0 , 114513
1400 , 0 , 121339
1500 , 0 , 160207
1600 , 0 , 139783
1700 , 0 , 138858
1800 , 0 , 146590
1900 , 0 , 150979
2000 , 0 , 157059
2100 , 0 , 172932
2200 , 0 , 254784
2300 , 0 , 195198
2400 , 0 , 216415
2500 , 0 , 173033
2600 , 0 , 211226
2700 , 0 , 190922
2800 , 0 , 198100
2900 , 0 , 213729
3000 , 0 , 211585
3100 , 0 , 213060
3200 , 0 , 223575
3300 , 0 , 224830
3400 , 0 , 230380
3500 , 0 , 249407
3600 , 0 , 248808
3700 , 0 , 253866
3800 , 0 , 261073
3900 , 0 , 274433
4000 , 0 , 300830
4100 , 0 , 312795
4200 , 0 , 291397
4300 , 0 , 312807
4400 , 0 , 316921
4500 , 0 , 306290
4600 , 0 , 309339
4700 , 0 , 316845
4800 , 0 , 339079
4900 , 0 , 347621
5000 , 0 , 338238
5100 , 0 , 259435
5200 , 0 , 160721
5300 , 0 , 142844
5400 , 0 , 145183
5500 , 0 , 178073
5600 , 0 , 151017
5700 , 0 , 152541
5800 , 0 , 153803
5900 , 0 , 155957
6000 , 0 , 155293
6100 , 0 , 188143
6200 , 0 , 291231
6300 , 0 , 167546
6400 , 0 , 164248
6500 , 0 , 167806
6600 , 0 , 192902
6700 , 0 , 177326
6800 , 0 , 202730
6900 , 0 , 177337
7000 , 0 , 177417
7100 , 0 , 180066
7200 , 0 , 203781
7300 , 0 , 199770
7400 , 0 , 189752
7500 , 0 , 195374
7600 , 0 , 192955
7700 , 0 , 462323
7800 , 0 , 206187
7900 , 0 , 197795
8000 , 0 , 198482
8100 , 0 , 200226
8200 , 0 , 467381
8300 , 0 , 706876
8400 , 0 , 249910
8500 , 0 , 237482
8600 , 0 , 256988
8700 , 0 , 246261
8800 , 0 , 242327
8900 , 0 , 245559
9000 , 0 , 296627
9100 , 0 , 271614
9200 , 0 , 255106
9300 , 0 , 253435
9400 , 0 , 256874
9500 , 0 , 262298
9600 , 0 , 262938
9700 , 0 , 267689
9800 , 0 , 265052
9900 , 0 , 265429
10000 , 0 , 308919
10100 , 0 , 294752
10200 , 0 , 275995
10300 , 0 , 275775
10400 , 0 , 279528
10500 , 0 , 322748
10600 , 0 , 298813
10700 , 0 , 419401
10800 , 0 , 292765
10900 , 0 , 314780
11000 , 0 , 315542
11100 , 0 , 304029
11200 , 0 , 302892
11300 , 0 , 301405
11400 , 0 , 301737
11500 , 0 , 306313
11600 , 0 , 328635
11700 , 0 , 381312
11800 , 0 , 336176
11900 , 0 , 376071
12000 , 0 , 351483
12100 , 0 , 322863
12200 , 0 , 324365
12300 , 0 , 324867
12400 , 0 , 347038
12500 , 0 , 330791
12600 , 0 , 334622
12700 , 0 , 336535
12800 , 0 , 344136
12900 , 0 , 372383
13000 , 0 , 349897
13100 , 0 , 346601
13200 , 0 , 364382
13300 , 0 , 349760
13400 , 0 , 350735
13500 , 0 , 371483
13600 , 0 , 355906
13700 , 0 , 357038
13800 , 0 , 365527
13900 , 0 , 379473
14000 , 0 , 494397
14100 , 0 , 407239
14200 , 0 , 378184
14300 , 0 , 374638
14400 , 0 , 374242
14500 , 0 , 397072
14600 , 0 , 394021
14700 , 0 , 392715
14800 , 0 , 408033
14900 , 0 , 392780
15000 , 0 , 419372
15100 , 0 , 411868
15200 , 0 , 396223
15300 , 0 , 407010
15400 , 0 , 401179
15500 , 0 , 402288
15600 , 0 , 507790
15700 , 0 , 565319
15800 , 0 , 795173
15900 , 0 , 490475
16000 , 0 , 423007
16100 , 0 , 426592
16200 , 0 , 437621
16300 , 0 , 422439
16400 , 0 , 429048
16500 , 0 , 430343
16600 , 0 , 434390
16700 , 0 , 601079
16800 , 0 , 446084
16900 , 0 , 439289
17000 , 0 , 487006
17100 , 0 , 448525
17200 , 0 , 443515
17300 , 0 , 463638
17400 , 0 , 457385
17500 , 0 , 486294
17600 , 0 , 456815
17700 , 0 , 459116
17800 , 0 , 458730
17900 , 0 , 522055
18000 , 0 , 473492
18100 , 0 , 504534
18200 , 0 , 472084
18300 , 0 , 469562
18400 , 0 , 521716
18500 , 0 , 479942
18600 , 0 , 481528
18700 , 0 , 478699
18800 , 0 , 483155
18900 , 0 , 498339
19000 , 0 , 489659
19100 , 0 , 646896
19200 , 0 , 518274
19300 , 0 , 523158
19400 , 0 , 504303
19500 , 0 , 498933
19600 , 0 , 501218
19700 , 0 , 543002
19800 , 0 , 509303
19900 , 0 , 534054
20000 , 0 , 510175
20100 , 0 , 552256
20200 , 0 , 520010
20300 , 0 , 557326
20400 , 0 , 543439
20500 , 0 , 528721
20600 , 0 , 687569
20700 , 0 , 545535
20800 , 0 , 528904
20900 , 0 , 532305
21000 , 0 , 563738
21100 , 0 , 538380
21200 , 0 , 681173
21300 , 0 , 543767
21400 , 0 , 559734
21500 , 0 , 573693
21600 , 0 , 578838
21700 , 0 , 573600
21800 , 0 , 568584
21900 , 0 , 2555930
22000 , 0 , 1612390
22100 , 0 , 1668847
22200 , 0 , 1078344
22300 , 0 , 1525180
22400 , 0 , 1048095
22500 , 0 , 1153675
22600 , 0 , 1144500
22700 , 0 , 1040768
22800 , 0 , 1107594
22900 , 0 , 1071195
23000 , 0 , 1069028
23100 , 0 , 1045252
23200 , 0 , 1069256
23300 , 0 , 1048044
23400 , 0 , 1731515
23500 , 0 , 1099126
23600 , 0 , 1108382
23700 , 0 , 1109060
23800 , 0 , 991662
23900 , 0 , 1116206
24000 , 0 , 1124791
24100 , 0 , 1128822
24200 , 0 , 1157897
24300 , 0 , 1423734
24400 , 0 , 1166364
24500 , 0 , 1190207
24600 , 0 , 1202909
24700 , 0 , 1192643
24800 , 0 , 1203280
24900 , 0 , 1184635
25000 , 0 , 1189637
25100 , 0 , 1261021
25200 , 0 , 1193723
25300 , 0 , 1539757
25400 , 0 , 1219537
25500 , 0 , 1237669
25600 , 0 , 1198005
25700 , 0 , 1257147
25800 , 0 , 1208174
25900 , 0 , 1151152
26000 , 0 , 1150221
26100 , 0 , 1178397
26200 , 0 , 1458127
26300 , 0 , 1267622
26400 , 0 , 1272601
26500 , 0 , 1237958
26600 , 0 , 1257197
26700 , 0 , 1249221
26800 , 0 , 1225794
26900 , 0 , 1230464
27000 , 0 , 1196351
27100 , 0 , 1585079
27200 , 0 , 1265776
27300 , 0 , 1265384
27400 , 0 , 1485303
27500 , 0 , 1309314
27600 , 0 , 1318415
27700 , 0 , 1335010
27800 , 0 , 1292049
27900 , 0 , 1209800
28000 , 0 , 1475033
28100 , 0 , 1273242
28200 , 0 , 1230903
28300 , 0 , 1315346
28400 , 0 , 1256313
28500 , 0 , 1198101
28600 , 0 , 2178133
28700 , 0 , 1190308
28800 , 0 , 1803979
28900 , 0 , 1419136
29000 , 0 , 1345588
29100 , 0 , 1245241
29200 , 0 , 1184835
29300 , 0 , 1409315
29400 , 0 , 1418762
29500 , 0 , 1380098
29600 , 0 , 1842789
29700 , 0 , 1337601
29800 , 0 , 1367445
29900 , 0 , 1415020
30000 , 0 , 1379503
30100 , 0 , 1397740
30200 , 0 , 1429296
30300 , 0 , 1223479
30400 , 0 , 1216167
30500 , 0 , 1961777
30600 , 0 , 1430583
30700 , 0 , 1275944
30800 , 0 , 1285520
30900 , 0 , 1425875
31000 , 0 , 1656958
31100 , 0 , 1485088
31200 , 0 , 1773890
31300 , 0 , 1514207
31400 , 0 , 1485930
31500 , 0 , 1347727
31600 , 0 , 1266229
31700 , 0 , 1515187
31800 , 0 , 1570552
31900 , 0 , 1515691
32000 , 0 , 1802998
32100 , 0 , 1532334
32200 , 0 , 1525145
32300 , 0 , 1558045
32400 , 0 , 1516711
32500 , 0 , 1359042
32600 , 0 , 1396272
32700 , 0 , 1587635
32800 , 0 , 1779489
32900 , 0 , 1380303
33000 , 0 , 1475724
33100 , 0 , 1718238
33200 , 0 , 1599488
33300 , 0 , 1566902
33400 , 0 , 1611747
33500 , 0 , 1906832
33600 , 0 , 1664139
33700 , 0 , 1622183
33800 , 0 , 1597316
33900 , 0 , 1604547
34000 , 0 , 1559823
34100 , 0 , 1449089
34200 , 0 , 2546196
34300 , 0 , 1483053
34400 , 0 , 1542127
34500 , 0 , 1531715
34600 , 0 , 1709530
34700 , 0 , 1596450
34800 , 0 , 1631907
34900 , 0 , 2000362
35000 , 0 , 1719762
35100 , 0 , 1619888
35200 , 0 , 1440247
35300 , 0 , 1742391
35400 , 0 , 1556719
35500 , 0 , 1465658
35600 , 0 , 1892400
35700 , 0 , 1631070
35800 , 0 , 1661649
35900 , 0 , 1667315
36000 , 0 , 1962581
36100 , 0 , 1682115
36200 , 0 , 1956373
36300 , 0 , 1701726
36400 , 0 , 1747908
36500 , 0 , 1472917
36600 , 0 , 1479726
36700 , 0 , 1720654
36800 , 0 , 1639611
36900 , 0 , 1767697
37000 , 0 , 1528801
37100 , 0 , 1576576
37200 , 0 , 2171900
37300 , 0 , 1493040
37400 , 0 , 1628517
37500 , 0 , 1738909
37600 , 0 , 1479273
37700 , 0 , 590545
37800 , 0 , 544775
37900 , 0 , 528207
38000 , 0 , 535711
38100 , 0 , 555874
38200 , 0 , 529213
38300 , 0 , 525101
38400 , 0 , 563708
38500 , 0 , 536912
38600 , 0 , 541590
38700 , 0 , 545788
38800 , 0 , 471007
38900 , 0 , 514463
39000 , 0 , 536770
39100 , 0 , 555542
39200 , 0 , 555192
39300 , 0 , 555048
39400 , 0 , 562573
39500 , 0 , 578853
39600 , 0 , 556008
39700 , 0 , 578972
39800 , 0 , 538444
39900 , 0 , 553917
40000 , 0 , 550153
40100 , 0 , 551759
40200 , 0 , 538383
40300 , 0 , 566941
40400 , 0 , 532252
40500 , 0 , 523410
40600 , 0 , 592517
40700 , 0 , 534564
40800 , 0 , 550544
40900 , 0 , 570400
41000 , 0 , 534276
41100 , 0 , 593629
41200 , 0 , 523621
41300 , 0 , 587112
41400 , 0 , 562480
41500 , 0 , 530921
41600 , 0 , 524959
41700 , 0 , 578861
41800 , 0 , 604288
41900 , 0 , 538496
42000 , 0 , 634252
42100 , 0 , 599772
42200 , 0 , 596544
42300 , 0 , 544115
42400 , 0 , 540650
42500 , 0 , 528695
42600 , 0 , 529998
42700 , 0 , 582423
42800 , 0 , 554289
42900 , 0 , 590432
43000 , 0 , 532166
43100 , 0 , 544683
43200 , 0 , 593700
43300 , 0 , 615192
43400 , 0 , 581294
43500 , 0 , 607321
43600 , 0 , 617147
43700 , 0 , 588810
43800 , 0 , 637507
43900 , 0 , 542818
44000 , 0 , 525686
44100 , 0 , 538259
44200 , 0 , 531694
44300 , 0 , 521350
44400 , 0 , 526302
44500 , 0 , 422071
44600 , 0 , 376300
44700 , 0 , 326981
44800 , 0 , 367707
44900 , 0 , 350355
45000 , 0 , 342401
45100 , 0 , 367878
45200 , 0 , 330320
45300 , 0 , 335047
45400 , 0 , 333657
45500 , 0 , 332209
45600 , 0 , 363291
45700 , 0 , 356681
45800 , 0 , 364500
45900 , 0 , 356646
46000 , 0 , 361226
46100 , 0 , 339614
46200 , 0 , 397798
46300 , 0 , 339471
46400 , 0 , 338892
46500 , 0 , 339105
46600 , 0 , 400611
46700 , 0 , 364211
46800 , 0 , 341005
46900 , 0 , 344063
47000 , 0 , 340152
47100 , 0 , 346049
47200 , 0 , 343838
47300 , 0 , 355287
47400 , 0 , 371332
47500 , 0 , 349501
47600 , 0 , 384022
47700 , 0 , 383691
47800 , 0 , 588368
47900 , 0 , 562689
48000 , 0 , 380806
48100 , 0 , 365486
48200 , 0 , 352902
48300 , 0 , 400959
48400 , 0 , 355269
48500 , 0 , 352021
48600 , 0 , 349290
48700 , 0 , 384767
48800 , 0 , 353669
48900 , 0 , 392245
49000 , 0 , 356455
49100 , 0 , 379427
49200 , 0 , 362346
49300 , 0 , 360409
49400 , 0 , 385261
49500 , 0 , 369936
49600 , 0 , 361897
49700 , 0 , 391320
49800 , 0 , 376981
49900 , 0 , 368553
50000 , 0 , 405765
50100 , 0 , 365153
50200 , 0 , 366848
50300 , 0 , 408648
50400 , 0 , 395487
50500 , 0 , 402455
50600 , 0 , 370889
50700 , 0 , 370931
50800 , 0 , 397858
50900 , 0 , 370975
51000 , 0 , 370149
51100 , 0 , 376812
51200 , 0 , 371374
51300 , 0 , 393393
51400 , 0 , 388069
51500 , 0 , 422776
51600 , 0 , 411233
51700 , 0 , 372973
51800 , 0 , 403694
51900 , 0 , 376511
52000 , 0 , 377053
52100 , 0 , 378319
52200 , 0 , 374352
52300 , 0 , 381707
52400 , 0 , 378817
52500 , 0 , 400967
52600 , 0 , 387490
52700 , 0 , 445586
52800 , 0 , 382323
52900 , 0 , 414614
53000 , 0 , 384879
53100 , 0 , 382685
53200 , 0 , 381468
53300 , 0 , 386687
53400 , 0 , 409267
53500 , 0 , 413909
53600 , 0 , 390338
53700 , 0 , 393595
53800 , 0 , 387743
53900 , 0 , 421578
54000 , 0 , 390197
54100 , 0 , 419597
54200 , 0 , 405740
54300 , 0 , 394313
54400 , 0 , 394311
54500 , 0 , 418547
54600 , 0 , 394338
54700 , 0 , 395731
54800 , 0 , 395092
54900 , 0 , 394468
55000 , 0 , 397819
55100 , 0 , 400079
55200 , 0 , 425473
55300 , 0 , 397994
55400 , 0 , 434839
55500 , 0 , 425807
55600 , 0 , 480282
55700 , 0 , 404973
55800 , 0 , 399671
55900 , 0 , 401079
56000 , 0 , 404435
56100 , 0 , 403816
56200 , 0 , 405212
56300 , 0 , 402757
56400 , 0 , 449348
56500 , 0 , 408570
56600 , 0 , 444049
56700 , 0 , 406653
56800 , 0 , 438719
56900 , 0 , 409908
57000 , 0 , 410646
57100 , 0 , 409196
57200 , 0 , 415300
57300 , 0 , 408731
57400 , 0 , 436255
57500 , 0 , 447702
57600 , 0 , 443845
57700 , 0 , 416833
57800 , 0 , 464953
57900 , 0 , 418694
58000 , 0 , 418042
58100 , 0 , 419335
58200 , 0 , 419062
58300 , 0 , 447112
58400 , 0 , 453527
58500 , 0 , 453814
58600 , 0 , 472435
58700 , 0 , 466410
58800 , 0 , 438273
58900 , 0 , 438737
59000 , 0 , 476931
59100 , 0 , 434602
59200 , 0 , 452279
59300 , 0 , 426497
59400 , 0 , 426338
59500 , 0 , 432423
59600 , 0 , 426750
59700 , 0 , 428127
59800 , 0 , 428525
59900 , 0 , 459842
60000 , 0 , 459177
60100 , 0 , 564289
60200 , 0 , 502194
60300 , 0 , 437518
60400 , 0 , 434201
60500 , 0 , 455713
60600 , 0 , 432501
60700 , 0 , 442755
60800 , 0 , 438511
60900 , 0 , 474636
61000 , 0 , 493369
61100 , 0 , 443176
61200 , 0 , 502101
61300 , 0 , 439426
61400 , 0 , 440120
61500 , 0 , 445060
61600 , 0 , 443860
61700 , 0 , 447071
61800 , 0 , 461172
61900 , 0 , 447804
62000 , 0 , 447468
62100 , 0 , 472469
62200 , 0 , 459435
62300 , 0 , 491794
62400 , 0 , 447890
62500 , 0 , 452786
62600 , 0 , 475609
62700 , 0 , 476034
62800 , 0 , 451127
62900 , 0 , 450608
63000 , 0 , 485916
63100 , 0 , 459786
63200 , 0 , 506977
63300 , 0 , 451131
63400 , 0 , 509800
63500 , 0 , 471422
63600 , 0 , 455701
63700 , 0 , 455463
63800 , 0 , 479663
63900 , 0 , 463147
64000 , 0 , 457520
64100 , 0 , 455656
64200 , 0 , 478801
64300 , 0 , 487126
64400 , 0 , 532185
64500 , 0 , 535903
64600 , 0 , 500358
64700 , 0 , 503795
64800 , 0 , 492718
64900 , 0 , 492488
65000 , 0 , 494000
65100 , 0 , 500510
65200 , 0 , 538928
65300 , 0 , 508259
65400 , 0 , 464585
65500 , 0 , 531799
65600 , 0 , 472386
65700 , 0 , 470832
65800 , 0 , 510532
65900 , 0 , 473839
66000 , 0 , 508763
66100 , 0 , 473806
66200 , 0 , 475100
66300 , 0 , 505184
66400 , 0 , 476928
66500 , 0 , 511775
66600 , 0 , 478449
66700 , 0 , 479692
66800 , 0 , 499782
66900 , 0 , 481308
67000 , 0 , 478314
67100 , 0 , 482436
67200 , 0 , 479860
67300 , 0 , 493095
67400 , 0 , 494278
67500 , 0 , 527859
67600 , 0 , 543312
67700 , 0 , 480830
67800 , 0 , 485342
67900 , 0 , 486951
68000 , 0 , 486501
68100 , 0 , 512242
68200 , 0 , 501529
68300 , 0 , 484144
68400 , 0 , 523976
68500 , 0 , 516265
68600 , 0 , 539225
68700 , 0 , 496317
68800 , 0 , 487642
68900 , 0 , 490443
69000 , 0 , 519973
69100 , 0 , 532002
69200 , 0 , 548330
69300 , 0 , 523728
69400 , 0 , 492916
69500 , 0 , 537557
69600 , 0 , 510654
69700 , 0 , 497242
69800 , 0 , 500316
69900 , 0 , 504307
70000 , 0 , 507090
70100 , 0 , 498448
70200 , 0 , 500667
70300 , 0 , 559762
70400 , 0 , 538064
70500 , 0 , 539040
70600 , 0 , 519601
70700 , 0 , 592059
70800 , 0 , 546848
70900 , 0 , 540681
71000 , 0 , 540285
71100 , 0 , 536326
71200 , 0 , 544425
71300 , 0 , 553341
71400 , 0 , 547916
71500 , 0 , 522562
71600 , 0 , 514677
71700 , 0 , 510908
71800 , 0 , 509947
71900 , 0 , 508278
72000 , 0 , 513514
72100 , 0 , 512910
72200 , 0 , 548825
72300 , 0 , 512358
72400 , 0 , 571700
72500 , 0 , 545924
72600 , 0 , 538749
72700 , 0 , 515984
72800 , 0 , 520186
72900 , 0 , 548275
73000 , 0 , 528142
73100 , 0 , 519567
73200 , 0 , 544861
73300 , 0 , 544346
73400 , 0 , 544025
73500 , 0 , 519711
73600 , 0 , 529624
73700 , 0 , 577962
73800 , 0 , 526992
73900 , 0 , 522237
74000 , 0 , 534008
74100 , 0 , 553549
74200 , 0 , 527430
74300 , 0 , 564166
74400 , 0 , 535920
74500 , 0 , 540557
74600 , 0 , 535041
74700 , 0 , 568514
74800 , 0 , 538699
74900 , 0 , 549295
75000 , 0 , 555772
75100 , 0 , 548089
75200 , 0 , 589303
75300 , 0 , 538134
75400 , 0 , 537445
75500 , 0 , 536156
75600 , 0 , 541420
75700 , 0 , 539388
75800 , 0 , 535051
75900 , 0 , 555022
76000 , 0 , 571116
76100 , 0 , 594381
76200 , 0 , 543091
76300 , 0 , 541053
76400 , 0 , 542927
76500 , 0 , 543005
76600 , 0 , 573298
76700 , 0 , 551867
76800 , 0 , 584236
76900 , 0 , 569568
77000 , 0 , 592793
77100 , 0 , 544866
77200 , 0 , 552894
77300 , 0 , 558232
77400 , 0 , 580101
77500 , 0 , 549523
77600 , 0 , 566886
77700 , 0 , 568868
77800 , 0 , 573751
77900 , 0 , 603961
78000 , 0 , 794783
78100 , 0 , 602755
78200 , 0 , 558189
78300 , 0 , 611898
78400 , 0 , 615030
78500 , 0 , 563244
78600 , 0 , 585790
78700 , 0 , 582644
78800 , 0 , 624071
78900 , 0 , 563916
79000 , 0 , 557663
79100 , 0 , 561614
79200 , 0 , 564346
79300 , 0 , 595353
79400 , 0 , 621217
79500 , 0 , 603338
79600 , 0 , 629730
79700 , 0 , 606141
79800 , 0 , 605172
79900 , 0 , 605663
80000 , 0 , 625791
80100 , 0 , 603247
80200 , 0 , 607595
80300 , 0 , 604516
80400 , 0 , 639372
80500 , 0 , 574140
80600 , 0 , 565014
80700 , 0 , 631026
80800 , 0 , 586193
80900 , 0 , 569638
81000 , 0 , 570899
81100 , 0 , 572720
81200 , 0 , 605040
81300 , 0 , 630121
81400 , 0 , 584906
81500 , 0 , 572379
81600 , 0 , 610757
81700 , 0 , 578156
81800 , 0 , 573609
81900 , 0 , 577464
82000 , 0 , 646923
82100 , 0 , 581807
82200 , 0 , 616690
82300 , 0 , 584531
82400 , 0 , 585692
82500 , 0 , 586131
82600 , 0 , 587972
82700 , 0 , 651555
82800 , 0 , 605729
82900 , 0 , 636395
83000 , 0 , 635483
83100 , 0 , 591127
83200 , 0 , 593512
83300 , 0 , 591027
83400 , 0 , 623639
83500 , 0 , 623747
83600 , 0 , 596961
83700 , 0 , 644547
83800 , 0 , 628470
83900 , 0 , 591847
84000 , 0 , 608937
84100 , 0 , 593994
84200 , 0 , 592334
84300 , 0 , 597487
84400 , 0 , 597134
84500 , 0 , 624443
84600 , 0 , 634276
84700 , 0 , 645884
84800 , 0 , 608342
84900 , 0 , 599562
85000 , 0 , 599677
85100 , 0 , 600036
85200 , 0 , 600232
85300 , 0 , 637603
85400 , 0 , 602869
85500 , 0 , 640426
85600 , 0 , 613501
85700 , 0 , 634598
85800 , 0 , 601498
85900 , 0 , 602989
86000 , 0 , 644243
86100 , 0 , 610632
86200 , 0 , 661176
86300 , 0 , 670072
86400 , 0 , 637348
86500 , 0 , 628584
86600 , 0 , 664348
86700 , 0 , 665403
86800 , 0 , 614222
86900 , 0 , 630702
87000 , 0 , 633171
87100 , 0 , 653327
87200 , 0 , 657884
87300 , 0 , 657626
87400 , 0 , 652868
87500 , 0 , 636382
87600 , 0 , 621503
87700 , 0 , 643446
87800 , 0 , 627580
87900 , 0 , 657275
88000 , 0 , 623749
88100 , 0 , 619233
88200 , 0 , 634209
88300 , 0 , 640339
88400 , 0 , 652243
88500 , 0 , 683259
88600 , 0 , 620093
88700 , 0 , 693831
88800 , 0 , 637781
88900 , 0 , 626444
89000 , 0 , 627296
89100 , 0 , 679633
89200 , 0 , 637000
89300 , 0 , 753198
89400 , 0 , 665585
89500 , 0 , 625771
89600 , 0 , 671912
89700 , 0 , 689864
89800 , 0 , 633807
89900 , 0 , 627755
90000 , 0 , 669140
90100 , 0 , 667480
90200 , 0 , 671652
90300 , 0 , 646855
90400 , 0 , 642477
90500 , 0 , 638941
90600 , 0 , 636799
90700 , 0 , 637738
90800 , 0 , 658176
90900 , 0 , 692363
91000 , 0 , 680692
91100 , 0 , 640033
91200 , 0 , 651173
91300 , 0 , 676898
91400 , 0 , 644600
91500 , 0 , 659782
91600 , 0 , 664497
91700 , 0 , 677728
91800 , 0 , 685569
91900 , 0 , 651657
92000 , 0 , 658277
92100 , 0 , 706277
92200 , 0 , 653462
92300 , 0 , 676659
92400 , 0 , 683515
92500 , 0 , 691729
92600 , 0 , 656247
92700 , 0 , 662945
92800 , 0 , 662510
92900 , 0 , 659820
93000 , 0 , 656881
93100 , 0 , 696014
93200 , 0 , 705607
93300 , 0 , 709548
93400 , 0 , 681261
93500 , 0 , 730670
93600 , 0 , 665095
93700 , 0 , 697837
93800 , 0 , 677836
93900 , 0 , 672488
94000 , 0 , 707499
94100 , 0 , 667136
94200 , 0 , 695661
94300 , 0 , 729584
94400 , 0 , 706732
94500 , 0 , 697022
94600 , 0 , 682907
94700 , 0 , 712050
94800 , 0 , 695610
94900 , 0 , 693273
95000 , 0 , 702927
95100 , 0 , 672891
95200 , 0 , 728765
95300 , 0 , 709308
95400 , 0 , 718210
95500 , 0 , 675861
95600 , 0 , 711065
95700 , 0 , 678785
95800 , 0 , 705186
95900 , 0 , 677381
96000 , 0 , 719107
96100 , 0 , 716265
96200 , 0 , 695404
96300 , 0 , 680443
96400 , 0 , 681946
96500 , 0 , 685760
96600 , 0 , 679365
96700 , 0 , 747918
96800 , 0 , 724646
96900 , 0 , 758764
97000 , 0 , 689122
97100 , 0 , 684893
97200 , 0 , 687108
97300 , 0 , 702369
97400 , 0 , 687863
97500 , 0 , 699906
97600 , 0 , 728525
97700 , 0 , 694994
97800 , 0 , 691413
97900 , 0 , 718784
98000 , 0 , 688255
98100 , 0 , 729806
98200 , 0 , 703016
98300 , 0 , 729372
98400 , 0 , 741848
98500 , 0 , 764510
98600 , 0 , 701487
98700 , 0 , 695999
98800 , 0 , 726233
98900 , 0 , 713278
99000 , 0 , 757479
99100 , 0 , 701113
99200 , 0 , 700324
99300 , 0 , 711221
99400 , 0 , 701220
99500 , 0 , 738652
99600 , 0 , 716690
99700 , 0 , 753510
99800 , 0 , 706740
99900 , 0 , 705577
100000 , 0 , 707051
100100 , 0 , 781706
100200 , 0 , 711557
100300 , 0 , 719704
100400 , 0 , 761432
100500 , 0 , 711094
100600 , 0 , 720798
100700 , 0 , 708318
100800 , 0 , 718681
100900 , 0 , 755465
101000 , 0 , 724423
101100 , 0 , 760580
101200 , 0 , 751510
101300 , 0 , 774237
101400 , 0 , 752857
101500 , 0 , 712677
101600 , 0 , 776458
101700 , 0 , 756446
101800 , 0 , 764452
101900 , 0 , 755146
102000 , 0 , 713707
102100 , 0 , 726549
102200 , 0 , 758769
102300 , 0 , 732299
102400 , 0 , 720173
102500 , 0 , 772596
102600 , 0 , 723668
102700 , 0 , 755446
102800 , 0 , 736249
102900 , 0 , 736781
103000 , 0 , 741468
103100 , 0 , 774826
103200 , 0 , 763683
103300 , 0 , 795972
103400 , 0 , 732887
103500 , 0 , 728236
103600 , 0 , 782810
103700 , 0 , 754785
103800 , 0 , 841510
103900 , 0 , 733487
104000 , 0 , 732635
104100 , 0 , 769425
104200 , 0 , 765628
104300 , 0 , 747632
104400 , 0 , 768953
104500 , 0 , 798440
104600 , 0 , 739664
104700 , 0 , 775930
104800 , 0 , 734595
104900 , 0 , 778845
105000 , 0 , 751165
105100 , 0 , 793580
105200 , 0 , 775918
105300 , 0 , 748278
105400 , 0 , 779637
105500 , 0 , 746581
105600 , 0 , 794833
105700 , 0 , 814353
105800 , 0 , 820769
105900 , 0 , 810298
106000 , 0 , 818867
106100 , 0 , 813995
106200 , 0 , 963303
106300 , 0 , 828061
106400 , 0 , 866991
106500 , 0 , 821384
106600 , 0 , 814418
106700 , 0 , 809322
106800 , 0 , 857869
106900 , 0 , 833434
107000 , 0 , 840038
107100 , 0 , 817572
107200 , 0 , 813261
107300 , 0 , 837160
107400 , 0 , 820813
107500 , 0 , 829841
107600 , 0 , 967614
107700 , 0 , 1134902
107800 , 0 , 1090235
107900 , 0 , 831430
108000 , 0 , 844186
108100 , 0 , 843658
108200 , 0 , 885964
108300 , 0 , 800586
108400 , 0 , 764098
108500 , 0 , 833752
108600 , 0 , 779390
108700 , 0 , 800281
108800 , 0 , 784163
108900 , 0 , 981867
109000 , 0 , 779332
109100 , 0 , 772639
109200 , 0 , 850907
109300 , 0 , 781794
109400 , 0 , 803856
109500 , 0 , 767564
109600 , 0 , 769128
109700 , 0 , 839945
109800 , 0 , 776149
109900 , 0 , 822656
110000 , 0 , 817908
110100 , 0 , 780800
110200 , 0 , 812160
110300 , 0 , 886266
110400 , 0 , 821945
110500 , 0 , 809517
110600 , 0 , 826019
110700 , 0 , 790789
110800 , 0 , 777827
110900 , 0 , 787592
111000 , 0 , 846411
111100 , 0 , 793530
111200 , 0 , 870448
111300 , 0 , 791076
111400 , 0 , 841560
111500 , 0 , 785271
111600 , 0 , 834937
111700 , 0 , 829198
111800 , 0 , 937444
111900 , 0 , 791098
112000 , 0 , 789843
112100 , 0 , 839023
112200 , 0 , 789636
112300 , 0 , 801397
112400 , 0 , 789117
112500 , 0 , 838657
112600 , 0 , 800985
112700 , 0 , 794958
112800 , 0 , 793584
112900 , 0 , 844954
113000 , 0 , 807161
113100 , 0 , 852273
113200 , 0 , 915865
113300 , 0 , 807163
113400 , 0 , 932073
113500 , 0 , 802109
113600 , 0 , 815532
113700 , 0 , 844229
113800 , 0 , 1308261
113900 , 0 , 829111
114000 , 0 , 852158
114100 , 0 , 845344
114200 , 0 , 880866
114300 , 0 , 806282
114400 , 0 , 802883
114500 , 0 , 943676
114600 , 0 , 814365
114700 , 0 , 825217
114800 , 0 , 851377
114900 , 0 , 890239
115000 , 0 , 829275
115100 , 0 , 811954
115200 , 0 , 809258
115300 , 0 , 833849
115400 , 0 , 864085
115500 , 0 , 810849
115600 , 0 , 814267
115700 , 0 , 932342
115800 , 0 , 885052
115900 , 0 , 964646
116000 , 0 , 860260
116100 , 0 , 821423
116200 , 0 , 814785
116300 , 0 , 866099
116400 , 0 , 823183
116500 , 0 , 831599
116600 , 0 , 861982
116700 , 0 , 822976
116800 , 0 , 858501
116900 , 0 , 830717
117000 , 0 , 820484
117100 , 0 , 870119
117200 , 0 , 970751
117300 , 0 , 849870
117400 , 0 , 827244
117500 , 0 , 828782
117600 , 0 , 827555
117700 , 0 , 854775
117800 , 0 , 971058
117900 , 0 , 1478854
118000 , 0 , 973954
118100 , 0 , 888989
118200 , 0 , 850090
118300 , 0 , 876191
118400 , 0 , 832523
118500 , 0 , 988298
118600 , 0 , 916425
118700 , 0 , 847077
118800 , 0 , 870534
118900 , 0 , 898425
119000 , 0 , 919146
119100 , 0 , 840058
119200 , 0 , 840223
119300 , 0 , 854338
119400 , 0 , 846162
119500 , 0 , 1396906
119600 , 0 , 846699
119700 , 0 , 975696
119800 , 0 , 903026
119900 , 0 , 887513
120000 , 0 , 901497
120100 , 0 , 847438
120200 , 0 , 914341
120300 , 0 , 859411
120400 , 0 , 860698
120500 , 0 , 889961
120600 , 0 , 857961
120700 , 0 , 847189
120800 , 0 , 903084
120900 , 0 , 851783
121000 , 0 , 989376
121100 , 0 , 902949
121200 , 0 , 858638
121300 , 0 , 888582
121400 , 0 , 899082
121500 , 0 , 854243
121600 , 0 , 861300
121700 , 0 , 904281
121800 , 0 , 859222
121900 , 0 , 854014
122000 , 0 , 853550
122100 , 0 , 868839
122200 , 0 , 864410
122300 , 0 , 959022
122400 , 0 , 950055
122500 , 0 , 921588
122600 , 0 , 932456
122700 , 0 , 898239
122800 , 0 , 905722
122900 , 0 , 865360
123000 , 0 , 932872
123100 , 0 , 868281
123200 , 0 , 867191
123300 , 0 , 876534
123400 , 0 , 908286
123500 , 0 , 909410
123600 , 0 , 1016192
123700 , 0 , 875682
123800 , 0 , 897085
123900 , 0 , 943975
124000 , 0 , 871020
124100 , 0 , 867253
124200 , 0 , 916632
124300 , 0 , 871652
124400 , 0 , 922831
124500 , 0 , 911876
124600 , 0 , 878719
124700 , 0 , 937178
124800 , 0 , 889540
124900 , 0 , 1017641
125000 , 0 , 1077576
125100 , 0 , 1164297
125200 , 0 , 934077
125300 , 0 , 878052
125400 , 0 , 930373
125500 , 0 , 885751
125600 , 0 , 919218
125700 , 0 , 880494
125800 , 0 , 889435
125900 , 0 , 880130
126000 , 0 , 897561
126100 , 0 , 1086719
126200 , 0 , 919088
126300 , 0 , 887420
126400 , 0 , 882212
126500 , 0 , 910885
126600 , 0 , 899546
126700 , 0 , 958759
126800 , 0 , 937599
126900 , 0 , 949340
127000 , 0 , 896357
127100 , 0 , 909617
127200 , 0 , 924684
127300 , 0 , 888238
127400 , 0 , 1062368
127500 , 0 , 897966
127600 , 0 , 911909
127700 , 0 , 897810
127800 , 0 , 975861
127900 , 0 , 897579
128000 , 0 , 898345
128100 , 0 , 926005
128200 , 0 , 925383
128300 , 0 , 934884
128400 , 0 , 894986
128500 , 0 , 898159
128600 , 0 , 1050723
128700 , 0 , 938569
128800 , 0 , 901699
128900 , 0 , 929000
129000 , 0 , 963244
129100 , 0 , 913407
129200 , 0 , 905800
129300 , 0 , 917266
129400 , 0 , 947608
129500 , 0 , 953338
129600 , 0 , 926811
129700 , 0 , 934258
129800 , 0 , 930599
129900 , 0 , 1085160
130000 , 0 , 915263
130100 , 0 , 911328
130200 , 0 , 925164
130300 , 0 , 930447
130400 , 0 , 1439396
130500 , 0 , 920483
130600 , 0 , 920623
130700 , 0 , 952604
130800 , 0 , 956058
130900 , 0 , 936262
131000 , 0 , 1083787
131100 , 0 , 1020080
131200 , 0 , 922616
131300 , 0 , 967547
131400 , 0 , 934281
131500 , 0 , 962338
131600 , 0 , 951138
131700 , 0 , 925046
131800 , 0 , 932249
131900 , 0 , 942008
132000 , 0 , 985704
132100 , 0 , 961785
132200 , 0 , 1007380
132300 , 0 , 973896
132400 , 0 , 978304
132500 , 0 , 965322
132600 , 0 , 939129
132700 , 0 , 929869
132800 , 0 , 946080
132900 , 0 , 943268
133000 , 0 , 950933
133100 , 0 , 968689
133200 , 0 , 1010699
133300 , 0 , 963175
133400 , 0 , 1018144
133500 , 0 , 1007780
133600 , 0 , 986194
133700 , 0 , 957204
133800 , 0 , 944169
133900 , 0 , 942755
134000 , 0 , 1009487
134100 , 0 , 971712
134200 , 0 , 946095
134300 , 0 , 939285
134400 , 0 , 937433
134500 , 0 , 1002846
134600 , 0 , 1099106
134700 , 0 , 975738
134800 , 0 , 942667
134900 , 0 , 975367
135000 , 0 , 969702
135100 , 0 , 987948
135200 , 0 , 998707
135300 , 0 , 981567
135400 , 0 , 957550
135500 , 0 , 1233852
135600 , 0 , 1195732
135700 , 0 , 1008610
135800 , 0 , 1142260
135900 , 0 , 958481
136000 , 0 , 982776
136100 , 0 , 992839
136200 , 0 , 971185
136300 , 0 , 957112
136400 , 0 , 991026
136500 , 0 , 978494
136600 , 0 , 999113
136700 , 0 , 960462
136800 , 0 , 959646
136900 , 0 , 1067898
137000 , 0 , 1004096
137100 , 0 , 1034558
137200 , 0 , 1088982
137300 , 0 , 962290
137400 , 0 , 968977
137500 , 0 , 1049509
137600 , 0 , 1006212
137700 , 0 , 988557
137800 , 0 , 977383
137900 , 0 , 960315
138000 , 0 , 1006666
138100 , 0 , 1130658
138200 , 0 , 978374
138300 , 0 , 995217
138400 , 0 , 1005102
138500 , 0 , 990691
138600 , 0 , 1012774
138700 , 0 , 992846
138800 , 0 , 995129
138900 , 0 , 970809
139000 , 0 , 1004721
139100 , 0 , 1004587
139200 , 0 , 1181051
139300 , 0 , 978646
139400 , 0 , 979518
139500 , 0 , 1002038
139600 , 0 , 1085396
139700 , 0 , 1004271
139800 , 0 , 1009915
139900 , 0 , 981802
140000 , 0 , 1030460
140100 , 0 , 1015634
140200 , 0 , 989761
140300 , 0 , 983790
140400 , 0 , 1132128
140500 , 0 , 1419191
140600 , 0 , 1041975
140700 , 0 , 1027564
140800 , 0 , 982768
140900 , 0 , 981831
141000 , 0 , 1013353
141100 , 0 , 1086885
141200 , 0 , 990341
141300 , 0 , 1014851
141400 , 0 , 995011
141500 , 0 , 1146716
141600 , 0 , 1046214
141700 , 0 , 993252
141800 , 0 , 996202
141900 , 0 , 1054998
142000 , 0 , 1016874
142100 , 0 , 1036521
142200 , 0 , 996243
142300 , 0 , 1011005
142400 , 0 , 1004741
142500 , 0 , 1008211
142600 , 0 , 1152288
142700 , 0 , 1031434
142800 , 0 , 996460
142900 , 0 , 1049049
143000 , 0 , 1067255
143100 , 0 , 1100767
143200 , 0 , 1004586
143300 , 0 , 1002948
143400 , 0 , 1034351
143500 , 0 , 1056183
143600 , 0 , 1005602
143700 , 0 , 1137616
143800 , 0 , 1039442
143900 , 0 , 1055307
144000 , 0 , 1051592
144100 , 0 , 1007968
144200 , 0 , 1014131
144300 , 0 , 1017052
144400 , 0 , 1067987
144500 , 0 , 1060392
144600 , 0 , 1036371
144700 , 0 , 1030806
144800 , 0 , 1167078
144900 , 0 , 1039967
145000 , 0 , 1106260
145100 , 0 , 1028406
145200 , 0 , 1019761
145300 , 0 , 1454069
145400 , 0 , 1064928
145500 , 0 , 1053321
145600 , 0 , 1014475
145700 , 0 , 1022587
145800 , 0 , 1035216
145900 , 0 , 1180947
146000 , 0 , 1026202
146100 , 0 , 1064072
146200 , 0 , 1022426
146300 , 0 , 1050957
146400 , 0 , 1066274
146500 , 0 , 1020682
146600 , 0 , 1017101
146700 , 0 , 1066524
146800 , 0 , 1230858
146900 , 0 , 1082782
147000 , 0 , 1118381
147100 , 0 , 1032737
147200 , 0 , 1062223
147300 , 0 , 1092330
147400 , 0 , 1030555
147500 , 0 , 1227865
147600 , 0 , 1041003
147700 , 0 , 1056941
147800 , 0 , 1081823
147900 , 0 , 1057369
148000 , 0 , 1159562
148100 , 0 , 1058509
148200 , 0 , 1038695
148300 , 0 , 1114755
148400 , 0 , 1039578
148500 , 0 , 1040505
148600 , 0 , 1061247
148700 , 0 , 1136899
148800 , 0 , 1042076
148900 , 0 , 1035958
149000 , 0 , 1079136
149100 , 0 , 1189392
149200 , 0 , 1121411
149300 , 0 , 1043972
149400 , 0 , 1073866
149500 , 0 , 1054272
149600 , 0 , 1067492
149700 , 0 , 1086043
149800 , 0 , 1076113
149900 , 0 , 1463922
150000 , 0 , 1072252
150100 , 0 , 1226488
150200 , 0 , 1048082
150300 , 0 , 1055544
150400 , 0 , 1059144
150500 , 0 , 1158909
150600 , 0 , 1088678
150700 , 0 , 1088847
150800 , 0 , 1060177
150900 , 0 , 1080395
151000 , 0 , 1109511
151100 , 0 , 1064171
151200 , 0 , 1271739
151300 , 0 , 1085204
151400 , 0 , 1077927
151500 , 0 , 1097921
151600 , 0 , 1068461
151700 , 0 , 1080396
151800 , 0 , 1082150
151900 , 0 , 1105184
152000 , 0 , 1092940
152100 , 0 , 1091322
152200 , 0 , 1058929
152300 , 0 , 1286187
152400 , 0 , 1105496
152500 , 0 , 1062971
152600 , 0 , 1093577
152700 , 0 , 1086011
152800 , 0 , 1109057
152900 , 0 , 1097622
153000 , 0 , 1078601
153100 , 0 , 1078953
153200 , 0 , 1092896
153300 , 0 , 1227958
153400 , 0 , 1108045
153500 , 0 , 1086908
153600 , 0 , 1103165
153700 , 0 , 1099892
153800 , 0 , 1109243
153900 , 0 , 1108750
154000 , 0 , 1073494
154100 , 0 , 1174414
154200 , 0 , 1110851
154300 , 0 , 1201578
154400 , 0 , 1522921
154500 , 0 , 1198748
154600 , 0 , 1109445
154700 , 0 , 1081519
154800 , 0 , 1095973
154900 , 0 , 1073946
155000 , 0 , 1121829
155100 , 0 , 1163924
155200 , 0 , 1085003
155300 , 0 , 1230007
155400 , 0 , 1110431
155500 , 0 , 1147756
155600 , 0 , 1089136
155700 , 0 , 1129925
155800 , 0 , 1146341
155900 , 0 , 1170792
156000 , 0 , 1127419
156100 , 0 , 1090439
156200 , 0 , 1099036
156300 , 0 , 1177350
156400 , 0 , 1210137
156500 , 0 , 1128201
156600 , 0 , 1094797
156700 , 0 , 1113354
156800 , 0 , 1122924
156900 , 0 , 1143006
157000 , 0 , 1099874
157100 , 0 , 1120727
157200 , 0 , 1153483
157300 , 0 , 1128008
157400 , 0 , 1227180
157500 , 0 , 1112329
157600 , 0 , 1134894
157700 , 0 , 1136891
157800 , 0 , 1134020
157900 , 0 , 1143108
158000 , 0 , 1135048
158100 , 0 , 1165638
158200 , 0 , 1136476
158300 , 0 , 1140767
158400 , 0 , 1224897
158500 , 0 , 1137097
158600 , 0 , 1150619
158700 , 0 , 1154655
158800 , 0 , 1615652
158900 , 0 , 1925024
159000 , 0 , 1876683
159100 , 0 , 1689173
159200 , 0 , 1421023
159300 , 0 , 1155583
159400 , 0 , 1130523
159500 , 0 , 1115503
159600 , 0 , 1256575
159700 , 0 , 1112622
159800 , 0 , 1166060
159900 , 0 , 1154886
160000 , 0 , 1137325
160100 , 0 , 1146382
160200 , 0 , 1229190
160300 , 0 , 1126586
160400 , 0 , 1119241
160500 , 0 , 1208663
160600 , 0 , 1119774
160700 , 0 , 1135932
160800 , 0 , 1135339
160900 , 0 , 1231595
161000 , 0 , 1122081
161100 , 0 , 1143740
161200 , 0 , 1268916
161300 , 0 , 1165189
161400 , 0 , 1215477
161500 , 0 , 1149209
161600 , 0 , 1207436
161700 , 0 , 1127514
161800 , 0 , 1215949
161900 , 0 , 1134440
162000 , 0 , 1161374
162100 , 0 , 1244584
162200 , 0 , 1189170
162300 , 0 , 1145070
162400 , 0 , 1131187
162500 , 0 , 1163844
162600 , 0 , 1193709
162700 , 0 , 1162309
162800 , 0 , 1156536
162900 , 0 , 1493449
163000 , 0 , 1201351
163100 , 0 , 1352432
163200 , 0 , 1157717
163300 , 0 , 1136979
163400 , 0 , 1132535
163500 , 0 , 1225061
163600 , 0 , 1142176
163700 , 0 , 1137643
163800 , 0 , 1166811
163900 , 0 , 1198893
164000 , 0 , 1154101
164100 , 0 , 1343243
164200 , 0 , 1162086
164300 , 0 , 1239929
164400 , 0 , 1155791
164500 , 0 , 1177420
164600 , 0 , 1148120
164700 , 0 , 1185645
164800 , 0 , 1216444
164900 , 0 , 1146908
165000 , 0 , 1172960
165100 , 0 , 1279656
165200 , 0 , 1219258
165300 , 0 , 1158379
165400 , 0 , 1151940
165500 , 0 , 1179146
165600 , 0 , 1202289
165700 , 0 , 1182182
165800 , 0 , 1184533
165900 , 0 , 1164550
166000 , 0 , 1341197
166100 , 0 , 1160547
166200 , 0 , 1193482
166300 , 0 , 1208169
166400 , 0 , 1213516
166500 , 0 , 1233337
166600 , 0 , 1161709
166700 , 0 , 1173023
166800 , 0 , 1167521
166900 , 0 , 1204021
167000 , 0 , 1613932
167100 , 0 , 1282406
167200 , 0 , 1177801
167300 , 0 , 1215813
167400 , 0 , 1162957
167500 , 0 , 1170670
167600 , 0 , 1211157
167700 , 0 , 1217968
167800 , 0 , 1200155
167900 , 0 , 1299620
168000 , 0 , 1224241
168100 , 0 , 1239308
168200 , 0 , 1220035
168300 , 0 , 1184077
168400 , 0 , 1179262
168500 , 0 , 1234190
168600 , 0 , 1175138
168700 , 0 , 1182385
168800 , 0 , 1221261
168900 , 0 , 1337136
169000 , 0 , 1184178
169100 , 0 , 1182855
169200 , 0 , 1214879
169300 , 0 , 1254502
169400 , 0 , 1225168
169500 , 0 , 1177769
169600 , 0 , 1229447
169700 , 0 , 1213751
169800 , 0 , 1363550
169900 , 0 , 1187166
170000 , 0 , 1188220
170100 , 0 , 1220903
170200 , 0 , 1231393
170300 , 0 , 1213608
170400 , 0 , 1203935
170500 , 0 , 1194809
170600 , 0 , 1233705
170700 , 0 , 1190044
170800 , 0 , 1363282
170900 , 0 , 1243540
171000 , 0 , 1235634
171100 , 0 , 1592666
171200 , 0 , 1240704
171300 , 0 , 1231361
171400 , 0 , 1260239
171500 , 0 , 1194550
171600 , 0 , 1205880
171700 , 0 , 1353939
171800 , 0 , 1254014
171900 , 0 , 1199676
172000 , 0 , 1230560
172100 , 0 , 1201255
172200 , 0 , 1276340
172300 , 0 , 1242954
172400 , 0 , 1212778
172500 , 0 , 1246199
172600 , 0 , 1384072
172700 , 0 , 1206296
172800 , 0 , 1220220
172900 , 0 , 1252980
173000 , 0 , 1260822
173100 , 0 , 1220727
173200 , 0 , 1245689
173300 , 0 , 1239024
173400 , 0 , 1250985
173500 , 0 , 1321944
173600 , 0 , 1234547
173700 , 0 , 1213257
173800 , 0 , 1264232
173900 , 0 , 1254754
174000 , 0 , 1227425
174100 , 0 , 1249538
174200 , 0 , 1268927
174300 , 0 , 1247199
174400 , 0 , 1316232
174500 , 0 , 1312114
174600 , 0 , 1285723
174700 , 0 , 1218589
174800 , 0 , 1259720
174900 , 0 , 1254691
175000 , 0 , 1263189
175100 , 0 , 1584949
175200 , 0 , 1295075
175300 , 0 , 1347285
175400 , 0 , 1276203
175500 , 0 , 1254880
175600 , 0 , 1293522
175700 , 0 , 1249041
175800 , 0 , 1270211
175900 , 0 , 1221286
176000 , 0 , 1260750
176100 , 0 , 1265906
176200 , 0 , 1429770
176300 , 0 , 1231211
176400 , 0 , 1240907
176500 , 0 , 1231802
176600 , 0 , 1283146
176700 , 0 , 1264751
176800 , 0 , 1240729
176900 , 0 , 1262720
177000 , 0 , 1286383
177100 , 0 , 1256781
177200 , 0 , 1404665
177300 , 0 , 1238127
177400 , 0 , 1305523
177500 , 0 , 1234332
177600 , 0 , 1275889
177700 , 0 , 1245594
177800 , 0 , 1288985
177900 , 0 , 1240080
178000 , 0 , 1280747
178100 , 0 , 1344567
178200 , 0 , 1304295
178300 , 0 , 1252428
178400 , 0 , 1252353
178500 , 0 , 1243519
178600 , 0 , 1310894
178700 , 0 , 1242974
178800 , 0 , 1289737
178900 , 0 , 1253577
179000 , 0 , 1760406
179100 , 0 , 1267120
179200 , 0 , 1321444
179300 , 0 , 1294265
179400 , 0 , 1247154
179500 , 0 , 1279886
179600 , 0 , 1276582
179700 , 0 , 1317803
179800 , 0 , 1388934
179900 , 0 , 1257074
180000 , 0 , 1260566
180100 , 0 , 1373020
180200 , 0 , 1252036
180300 , 0 , 1295256
180400 , 0 , 1300003
180500 , 0 , 1293910
180600 , 0 , 1254514
180700 , 0 , 1456393
180800 , 0 , 1274643
180900 , 0 , 1340947
181000 , 0 , 1307294
181100 , 0 , 1257164
181200 , 0 , 1287847
181300 , 0 , 1330715
181400 , 0 , 1268162
181500 , 0 , 1259901
181600 , 0 , 1390429
181700 , 0 , 1329897
181800 , 0 , 1283898
181900 , 0 , 1290268
182000 , 0 , 1341634
182100 , 0 , 1312831
182200 , 0 , 1305149
182300 , 0 , 1324621
182400 , 0 , 1317524
182500 , 0 , 1388067
182600 , 0 , 1276563
182700 , 0 , 1315340
182800 , 0 , 1685700
182900 , 0 , 1274850
183000 , 0 , 1276132
183100 , 0 , 1269470
183200 , 0 , 1341526
183300 , 0 , 1280178
183400 , 0 , 1440310
183500 , 0 , 1291328
183600 , 0 , 1344040
183700 , 0 , 1405527
183800 , 0 , 1319068
183900 , 0 , 1347189
184000 , 0 , 1321682
184100 , 0 , 1285005
184200 , 0 , 1393376
184300 , 0 , 1341112
184400 , 0 , 1300171
184500 , 0 , 1286549
184600 , 0 , 1278566
184700 , 0 , 1355698
184800 , 0 , 1294937
184900 , 0 , 1318570
185000 , 0 , 1287660
185100 , 0 , 1444837
185200 , 0 , 1329140
185300 , 0 , 1321442
185400 , 0 , 1288909
185500 , 0 , 1339232
185600 , 0 , 1327024
185700 , 0 , 1333019
185800 , 0 , 1314480
185900 , 0 , 1324255
186000 , 0 , 1473562
186100 , 0 , 1340265
186200 , 0 , 1342926
186300 , 0 , 1302123
186400 , 0 , 1331221
186500 , 0 , 1388629
186600 , 0 , 1618066
186700 , 0 , 1333041
186800 , 0 , 1419423
186900 , 0 , 1317075
187000 , 0 , 1351680
187100 , 0 , 1317525
187200 , 0 , 1297546
187300 , 0 , 1374098
187400 , 0 , 1306399
187500 , 0 , 1299913
187600 , 0 , 1380205
187700 , 0 , 1478388
187800 , 0 , 1338940
187900 , 0 , 1331828
188000 , 0 , 1309992
188100 , 0 , 1362605
188200 , 0 , 1344058
188300 , 0 , 1307611
188400 , 0 , 1328744
188500 , 0 , 1514658
188600 , 0 , 1317043
188700 , 0 , 1315672
188800 , 0 , 1373280
188900 , 0 , 1329047
189000 , 0 , 1323527
189100 , 0 , 1365686
189200 , 0 , 1359554
189300 , 0 , 1360579
189400 , 0 , 1505366
189500 , 0 , 1344864
189600 , 0 , 1373410
189700 , 0 , 1401183
189800 , 0 , 1330121
189900 , 0 , 1365098
190000 , 0 , 1329521
190100 , 0 , 1333305
190200 , 0 , 1696769
190300 , 0 , 1392217
190400 , 0 , 1324285
190500 , 0 , 1353032
190600 , 0 , 1323761
190700 , 0 , 1387100
190800 , 0 , 1387982
190900 , 0 , 1341711
191000 , 0 , 1389428
191100 , 0 , 1408092
191200 , 0 , 1382070
191300 , 0 , 1338384
191400 , 0 , 1377115
191500 , 0 , 1345785
191600 , 0 , 1334160
191700 , 0 , 1335682
191800 , 0 , 1377896
191900 , 0 , 1377816
192000 , 0 , 1397072
192100 , 0 , 1328599
192200 , 0 , 1407295
192300 , 0 , 1355884
192400 , 0 , 1333721
192500 , 0 , 1376420
192600 , 0 , 1418608
192700 , 0 , 1361661
192800 , 0 , 1364547
192900 , 0 , 1411263
193000 , 0 , 1354542
193100 , 0 , 1375170
193200 , 0 , 1373094
193300 , 0 , 1394424
193400 , 0 , 1358897
193500 , 0 , 1357248
193600 , 0 , 1423271
193700 , 0 , 1401946
193800 , 0 , 1348550
193900 , 0 , 1505212
194000 , 0 , 1402402
194100 , 0 , 1372814
194200 , 0 , 1346244
194300 , 0 , 1390214
194400 , 0 , 1452493
194500 , 0 , 1351847
194600 , 0 , 1401859
194700 , 0 , 1410585
194800 , 0 , 1407341
194900 , 0 , 1384396
195000 , 0 , 1354665
195100 , 0 , 1448350
195200 , 0 , 1374771
195300 , 0 , 1384859
195400 , 0 , 1398283
195500 , 0 , 1408085
195600 , 0 , 1489319
195700 , 0 , 1405430
195800 , 0 , 1448752
195900 , 0 , 1365709
196000 , 0 , 1387837
196100 , 0 , 1447653
196200 , 0 , 1442969
196300 , 0 , 1387363
196400 , 0 , 1370668
196500 , 0 , 1402041
196600 , 0 , 1445362
196700 , 0 , 1408627
196800 , 0 , 1374106
196900 , 0 , 1467330
197000 , 0 , 1369372
197100 , 0 , 1395838
197200 , 0 , 1445545
197300 , 0 , 1377251
197400 , 0 , 1518310
197500 , 0 , 1403624
197600 , 0 , 1522237
197700 , 0 , 1418820
197800 , 0 , 1384426
197900 , 0 , 1456694
198000 , 0 , 1441551
198100 , 0 , 1372128
198200 , 0 , 1374723
198300 , 0 , 1460971
198400 , 0 , 1469368
198500 , 0 , 1451763
198600 , 0 , 1379954
198700 , 0 , 1437809
198800 , 0 , 1398550
198900 , 0 , 1380435
199000 , 0 , 1435322
199100 , 0 , 1425873
199200 , 0 , 1461575
199300 , 0 , 1434253
199400 , 0 , 1468171
199500 , 0 , 1399850
199600 , 0 , 1390386
199700 , 0 , 1487265
199800 , 0 , 1388891
199900 , 0 , 1389872
200000 , 0 , 1420060
